sequence	seqnames	source	feature	start	end	absScore	relScore	strand	ID	TF	class	siteSeqs
locus_1_ref	locus_1_ref	TFBS	TFBS	69	82	11.472052844538204	0.851618821593454	-	BMAL1_f1	ARNTL	Unknown	GGGCCACGTGGGCT
locus_21_ref	locus_21_ref	TFBS	TFBS	113	126	8.396713806106938	0.8059406976433274	+	BMAL1_f1	ARNTL	Unknown	GTTTCACCTGTTCT
locus_25_ref	locus_25_ref	TFBS	TFBS	102	115	12.075063982035552	0.8605753682173218	+	BMAL1_f1	ARNTL	Unknown	GCCCCACGTGTTCT
locus_36_ref	locus_36_ref	TFBS	TFBS	93	106	9.12920733873515	0.8168204510487032	+	BMAL1_f1	ARNTL	Unknown	CGGCCACCTGCCCT
locus_48_ref	locus_48_ref	TFBS	TFBS	25	38	8.657924693885157	0.8098204725754411	+	BMAL1_f1	ARNTL	Unknown	GGCTCACTTGAGCC
locus_48_ref	locus_48_ref	TFBS	TFBS	25	38	8.657924693885171	0.8098204725754413	-	BMAL1_f1	ARNTL	Unknown	GGCTCAAGTGAGCC
locus_82_ref	locus_82_ref	TFBS	TFBS	79	92	8.962779275413595	0.8143484888974799	-	BMAL1_f1	ARNTL	Unknown	GACTGACGTGCCCC
locus_132_ref	locus_132_ref	TFBS	TFBS	94	107	9.61900786578449	0.8240954763079701	-	BMAL1_f1	ARNTL	Unknown	CGGTCTCGTGTTAC
locus_136_ref	locus_136_ref	TFBS	TFBS	25	38	8.453264713134011	0.8067806503472064	+	BMAL1_f1	ARNTL	Unknown	GCCACACGTGTCCT
locus_182_ref	locus_182_ref	TFBS	TFBS	117	130	9.428442847762412	0.8212650070800274	-	BMAL1_f1	ARNTL	Unknown	GGATCACTTGACCT
locus_189_ref	locus_189_ref	TFBS	TFBS	64	77	8.5615060678576	0.8083883631735995	-	BMAL1_f1	ARNTL	Unknown	CTGCCACGTGAGGA
locus_251_ref	locus_251_ref	TFBS	TFBS	104	117	9.982732101263473	0.8294978857673021	-	BMAL1_f1	ARNTL	Unknown	GTTCCACGTGTGTA
locus_270_ref	locus_270_ref	TFBS	TFBS	96	109	9.03944007230482	0.81548713453581545	+	BMAL1_f1	ARNTL	Unknown	TCACCACGTGTTCT
locus_272_ref	locus_272_ref	TFBS	TFBS	79	92	9.68560068725953	0.8250845819368172	+	BMAL1_f1	ARNTL	Unknown	TGGTCAAGTGCCCC
locus_272_ref	locus_272_ref	TFBS	TFBS	79	92	8.917427494345844	0.8136748772237477	-	BMAL1_f1	ARNTL	Unknown	GGGGCACTTGACCA
locus_371_ref	locus_371_ref	TFBS	TFBS	122	135	11.846448359319702	0.8571797319571075	+	BMAL1_f1	ARNTL	Unknown	GAGACACGTGAACA
locus_371_ref	locus_371_ref	TFBS	TFBS	122	135	10.957092280105385	0.843970093372715	-	BMAL1_f1	ARNTL	Unknown	TGTTCACGTGTCTC
locus_460_ref	locus_460_ref	TFBS	TFBS	3	16	8.01836374283107	0.8003210502253084	-	BMAL1_f1	ARNTL	Unknown	CAGGCACGTGCCAC
locus_557_ref	locus_557_ref	TFBS	TFBS	3	16	9.03793928116783	0.8154648432298092	-	BMAL1_f1	ARNTL	Unknown	TAGCCATGTGATCA
locus_576_ref	locus_576_ref	TFBS	TFBS	46	59	9.243890440459836	0.8185238433804434	-	BMAL1_f1	ARNTL	Unknown	GGACCACGTCTGCA
locus_597_ref	locus_597_ref	TFBS	TFBS	122	135	9.880317115221601	0.8279767122094243	+	BMAL1_f1	ARNTL	Unknown	GGTTCAAGTGATCC
locus_598_ref	locus_598_ref	TFBS	TFBS	122	135	9.880317115221601	0.8279767122094243	+	BMAL1_f1	ARNTL	Unknown	GGTTCAAGTGATCC
locus_606_ref	locus_606_ref	TFBS	TFBS	128	141	8.66920663279361	0.8099880436293698	+	BMAL1_f1	ARNTL	Unknown	GAGTCATATGTTCA
locus_683_ref	locus_683_ref	TFBS	TFBS	46	59	8.347381262504754	0.8052079595571277	+	BMAL1_f1	ARNTL	Unknown	CAATCACGTGATGC
locus_683_ref	locus_683_ref	TFBS	TFBS	46	59	8.951471353060441	0.8141805319104904	-	BMAL1_f1	ARNTL	Unknown	GCATCACGTGATTG
locus_696_ref	locus_696_ref	TFBS	TFBS	85	98	10.567505030956184	0.8381835396192454	-	BMAL1_f1	ARNTL	Unknown	GTGTCACTTGATCT
locus_825_ref	locus_825_ref	TFBS	TFBS	102	115	9.428442847762412	0.8212650070800274	-	BMAL1_f1	ARNTL	Unknown	GGTTCACCTGCCCC
locus_898_ref	locus_898_ref	TFBS	TFBS	65	78	8.935451104102725	0.8139425825629689	-	BMAL1_f1	ARNTL	Unknown	TGGCCACGTACACA
locus_905_ref	locus_905_ref	TFBS	TFBS	20	33	15.638792875650118	0.913507564665558	-	BMAL1_f1	ARNTL	Unknown	AAGTCACGTGTCCA
locus_907_ref	locus_907_ref	TFBS	TFBS	64	77	8.178533636057402	0.8027000595457257	-	BMAL1_f1	ARNTL	Unknown	GAGTCCCGTATGCG
locus_908_ref	locus_908_ref	TFBS	TFBS	79	92	10.084769799792198	0.831013455459858	+	BMAL1_f1	ARNTL	Unknown	GTTTCACATGTTCA
locus_908_ref	locus_908_ref	TFBS	TFBS	9	22	8.178533636057402	0.8027000595457257	-	BMAL1_f1	ARNTL	Unknown	GAGTCCCGTATGCG
locus_914_ref	locus_914_ref	TFBS	TFBS	1	14	15.629056619041627	0.91336295168773185	+	BMAL1_f1	ARNTL	Unknown	GGGCCACGTGAACC
locus_914_ref	locus_914_ref	TFBS	TFBS	1	14	12.189255183882985	0.862271454342077	-	BMAL1_f1	ARNTL	Unknown	GGTTCACGTGGCCC
locus_923_ref	locus_923_ref	TFBS	TFBS	115	128	9.880317115221601	0.8279767122094243	+	BMAL1_f1	ARNTL	Unknown	GGCTCAAGTGATCC
locus_923_ref	locus_923_ref	TFBS	TFBS	115	128	8.657924693885171	0.8098204725754413	-	BMAL1_f1	ARNTL	Unknown	GGATCACTTGAGCC
locus_936_ref	locus_936_ref	TFBS	TFBS	80	93	12.43882486628953	0.865978322022258	-	BMAL1_f1	ARNTL	Unknown	GGGCCACATGTCCT
locus_944_ref	locus_944_ref	TFBS	TFBS	90	103	8.500863093506418	0.8074876308431146	+	BMAL1_f1	ARNTL	Unknown	GGCACACGTGTCTC
locus_944_ref	locus_944_ref	TFBS	TFBS	90	103	13.04591763637604	0.8749954932852296	-	BMAL1_f1	ARNTL	Unknown	GAGACACGTGTGCC
locus_951_ref	locus_951_ref	TFBS	TFBS	81	94	9.551299595547931	0.8230898028776052	+	BMAL1_f1	ARNTL	Unknown	GGGCCGCGTGCACA
locus_971_ref	locus_971_ref	TFBS	TFBS	115	128	9.219937114910714	0.8181680637542696	-	BMAL1_f1	ARNTL	Unknown	CAGTCACTTGCACA
locus_981_ref	locus_981_ref	TFBS	TFBS	117	130	9.980250718727042	0.8294610297011414	-	BMAL1_f1	ARNTL	Unknown	GTGCCACATGTGCC
locus_1106_ref	locus_1106_ref	TFBS	TFBS	12	25	11.46228236209705	0.8514737002580752	+	BMAL1_f1	ARNTL	Unknown	TAGCCACGTGTCTG
locus_1149_ref	locus_1149_ref	TFBS	TFBS	63	76	10.550433372141008	0.8379299736424055	+	BMAL1_f1	ARNTL	Unknown	GGTTCACTTGTCCT
locus_1161_ref	locus_1161_ref	TFBS	TFBS	115	128	9.267633856942012	0.8188765052195184	+	BMAL1_f1	ARNTL	Unknown	GGGTCATGTGCACG
locus_1161_ref	locus_1161_ref	TFBS	TFBS	81	94	8.319136691770332	0.8047884419082433	-	BMAL1_f1	ARNTL	Unknown	TGGTCACATGTCAC
locus_1161_ref	locus_1161_ref	TFBS	TFBS	121	134	10.124484928492748	0.8316033457284785	-	BMAL1_f1	ARNTL	Unknown	AGGCCACGTGCACA
locus_1170_ref	locus_1170_ref	TFBS	TFBS	79	92	9.971559189344212	0.8293319340952574	+	BMAL1_f1	ARNTL	Unknown	GTGTCACATGTTAA
locus_1194_ref	locus_1194_ref	TFBS	TFBS	54	67	9.880317115221601	0.8279767122094243	+	BMAL1_f1	ARNTL	Unknown	GGCTCAAGTGATCC
locus_1194_ref	locus_1194_ref	TFBS	TFBS	54	67	8.657924693885171	0.8098204725754413	-	BMAL1_f1	ARNTL	Unknown	GGATCACTTGAGCC
locus_1195_ref	locus_1195_ref	TFBS	TFBS	21	34	9.880317115221601	0.8279767122094243	+	BMAL1_f1	ARNTL	Unknown	GGCTCAAGTGATCC
locus_1195_ref	locus_1195_ref	TFBS	TFBS	21	34	8.657924693885171	0.8098204725754413	-	BMAL1_f1	ARNTL	Unknown	GGATCACTTGAGCC
locus_1212_ref	locus_1212_ref	TFBS	TFBS	101	114	10.650835269098856	0.8394212467140105	+	BMAL1_f1	ARNTL	Unknown	GGATCACGAGATCA
locus_1217_ref	locus_1217_ref	TFBS	TFBS	75	88	9.86732708899563	0.8277837708716886	+	BMAL1_f1	ARNTL	Unknown	GGACCACGTGGCCT
locus_1217_ref	locus_1217_ref	TFBS	TFBS	75	88	8.254431101064604	0.8038273673874873	-	BMAL1_f1	ARNTL	Unknown	AGGCCACGTGGTCC
locus_1235_ref	locus_1235_ref	TFBS	TFBS	64	77	15.531271115054118	0.9119105399972324	-	BMAL1_f1	ARNTL	Unknown	GGGTCAGGTGTCCA
locus_1377_ref	locus_1377_ref	TFBS	TFBS	59	72	8.66920663279361	0.8099880436293698	+	BMAL1_f1	ARNTL	Unknown	GAGTCAGGAGTTCA
locus_1377_ref	locus_1377_ref	TFBS	TFBS	50	63	9.414653542872813	0.8210601940268771	-	BMAL1_f1	ARNTL	Unknown	GACTCAAGTGATCC
locus_1410_ref	locus_1410_ref	TFBS	TFBS	5	18	9.60053377749123	0.8238210799944645	+	BMAL1_f1	ARNTL	Unknown	GGGTCCAGTGTCCA
locus_1411_ref	locus_1411_ref	TFBS	TFBS	5	18	9.60053377749123	0.8238210799944645	+	BMAL1_f1	ARNTL	Unknown	GGGTCCAGTGTCCA
locus_1412_ref	locus_1412_ref	TFBS	TFBS	5	18	9.60053377749123	0.8238210799944645	+	BMAL1_f1	ARNTL	Unknown	GGGTCCAGTGTCCA
locus_1423_ref	locus_1423_ref	TFBS	TFBS	3	16	8.302399275102701	0.8045398404423252	+	BMAL1_f1	ARNTL	Unknown	TTGTCACCTGCTCA
locus_1428_ref	locus_1428_ref	TFBS	TFBS	106	119	9.470450739941711	0.821888951849001	+	BMAL1_f1	ARNTL	Unknown	GAATCACGTGCTGA
locus_1429_ref	locus_1429_ref	TFBS	TFBS	52	65	9.470450739941711	0.821888951849001	+	BMAL1_f1	ARNTL	Unknown	GAATCACGTGCTGA
locus_1436_ref	locus_1436_ref	TFBS	TFBS	120	133	11.202643140063486	0.8476172693351246	+	BMAL1_f1	ARNTL	Unknown	GAGCCTCGTGTGCC
locus_1437_ref	locus_1437_ref	TFBS	TFBS	46	59	13.341027718908016	0.8793787742049503	-	BMAL1_f1	ARNTL	Unknown	CAACCACGTGTGCA
locus_1442_ref	locus_1442_ref	TFBS	TFBS	78	91	8.031172456321237	0.8005112985183044	-	BMAL1_f1	ARNTL	Unknown	CTCACACGTGTCCT
locus_1479_ref	locus_1479_ref	TFBS	TFBS	119	132	8.657924693885157	0.8098204725754411	+	BMAL1_f1	ARNTL	Unknown	GGATCACTTGAGCC
locus_1479_ref	locus_1479_ref	TFBS	TFBS	119	132	9.880317115221622	0.8279767122094246	-	BMAL1_f1	ARNTL	Unknown	GGCTCAAGTGATCC
locus_1488_ref	locus_1488_ref	TFBS	TFBS	22	35	8.158353684394662	0.8024003259807954	-	BMAL1_f1	ARNTL	Unknown	CGCTCCCGTGCCCC
locus_1553_ref	locus_1553_ref	TFBS	TFBS	9	22	10.889097029152246	0.8429601574072022	+	BMAL1_f1	ARNTL	Unknown	GAGTCACTTGTCTC
locus_1663_ref	locus_1663_ref	TFBS	TFBS	83	96	13.557913581192054	0.8826001879016638	+	BMAL1_f1	ARNTL	Unknown	GGGTCACGTGAGAG
locus_1663_ref	locus_1663_ref	TFBS	TFBS	83	96	13.318572868080317	0.8790452514789772	-	BMAL1_f1	ARNTL	Unknown	CTCTCACGTGACCC
locus_1673_ref	locus_1673_ref	TFBS	TFBS	117	130	13.94511780946371	0.8883513465583133	+	BMAL1_f1	ARNTL	Unknown	GGTTCACGTGTACT
locus_1756_ref	locus_1756_ref	TFBS	TFBS	92	105	7.99754469357427	0.8000118241202865	+	BMAL1_f1	ARNTL	Unknown	CACTCACCTGCTCA
locus_1794_ref	locus_1794_ref	TFBS	TFBS	94	107	10.550433372141008	0.8379299736424055	+	BMAL1_f1	ARNTL	Unknown	GGTTCAGGTGTGCA
locus_1812_ref	locus_1812_ref	TFBS	TFBS	92	105	9.880317115221601	0.8279767122094243	+	BMAL1_f1	ARNTL	Unknown	GGCTCAAGTGATCC
locus_1812_ref	locus_1812_ref	TFBS	TFBS	92	105	8.657924693885171	0.8098204725754413	-	BMAL1_f1	ARNTL	Unknown	GGATCACTTGAGCC
locus_1813_ref	locus_1813_ref	TFBS	TFBS	87	100	9.880317115221601	0.8279767122094243	+	BMAL1_f1	ARNTL	Unknown	GGCTCAAGTGATCC
locus_1813_ref	locus_1813_ref	TFBS	TFBS	87	100	8.657924693885171	0.8098204725754413	-	BMAL1_f1	ARNTL	Unknown	GGATCACTTGAGCC
locus_1860_ref	locus_1860_ref	TFBS	TFBS	104	117	8.962779275413581	0.8143484888974797	+	BMAL1_f1	ARNTL	Unknown	GGCTCAAGTGATCT
locus_1880_ref	locus_1880_ref	TFBS	TFBS	10	23	19.42248008843039	0.9697068101256775	+	BMAL1_f1	ARNTL	Unknown	GGGTCACGTGCCCA
locus_1880_ref	locus_1880_ref	TFBS	TFBS	10	23	11.042022768300782	0.8452315690404232	-	BMAL1_f1	ARNTL	Unknown	TGGGCACGTGACCC
locus_1905_ref	locus_1905_ref	TFBS	TFBS	46	59	8.33757272014958	0.8050622729164448	+	BMAL1_f1	ARNTL	Unknown	GAGGCACGGGTTCC
locus_1906_ref	locus_1906_ref	TFBS	TFBS	29	42	8.33757272014958	0.8050622729164448	+	BMAL1_f1	ARNTL	Unknown	GAGGCACGGGTTCC
locus_1907_ref	locus_1907_ref	TFBS	TFBS	18	31	8.33757272014958	0.8050622729164448	+	BMAL1_f1	ARNTL	Unknown	GAGGCACGGGTTCC
locus_1956_ref	locus_1956_ref	TFBS	TFBS	29	42	12.99521821481391	0.8742424529103721	-	BMAL1_f1	ARNTL	Unknown	GGGTCACTTGTACA
locus_1957_ref	locus_1957_ref	TFBS	TFBS	98	111	12.673527854958948	0.8694643741530746	-	BMAL1_f1	ARNTL	Unknown	CAGTCACATGACCA
locus_1980_ref	locus_1980_ref	TFBS	TFBS	78	91	10.889097029152246	0.8429601574072022	+	BMAL1_f1	ARNTL	Unknown	GAGTCACCTGTCAC
locus_1994_ref	locus_1994_ref	TFBS	TFBS	47	60	9.484706774072912	0.8221006972487584	+	BMAL1_f1	ARNTL	Unknown	GAGCCACTTGTCAC
locus_2031_ref	locus_2031_ref	TFBS	TFBS	45	58	8.439744523835635	0.8065798344778395	-	BMAL1_f1	ARNTL	Unknown	GTGTCACTTAACCC
locus_2055_ref	locus_2055_ref	TFBS	TFBS	64	77	8.475926860142266	0.8071172520509805	+	BMAL1_f1	ARNTL	Unknown	GGCCCAAGTGATCC
locus_2078_ref	locus_2078_ref	TFBS	TFBS	72	85	8.079050511088361	0.801222433028293	+	BMAL1_f1	ARNTL	Unknown	GTGTCGCGTGATAC
locus_2125_ref	locus_2125_ref	TFBS	TFBS	65	78	9.702436465586068	0.8253346443720759	+	BMAL1_f1	ARNTL	Unknown	GCATCACCTGTCCA
locus_2180_ref	locus_2180_ref	TFBS	TFBS	33	46	10.502736630109709	0.8372215321771568	+	BMAL1_f1	ARNTL	Unknown	CACTCAGGTGTCCA
locus_2199_ref	locus_2199_ref	TFBS	TFBS	121	134	8.192261121536347	0.8029039543928936	+	BMAL1_f1	ARNTL	Unknown	GTCTCAAGTGATCC
locus_2244_ref	locus_2244_ref	TFBS	TFBS	106	119	8.497115703064779	0.8074319707149324	-	BMAL1_f1	ARNTL	Unknown	GTGTCACTTGAACG
locus_2258_ref	locus_2258_ref	TFBS	TFBS	64	77	8.129201092455226	0.801967321459526	+	BMAL1_f1	ARNTL	Unknown	CAGCCACGTAATTG
locus_2336_ref	locus_2336_ref	TFBS	TFBS	128	141	12.107462385652305	0.8610565828989224	-	BMAL1_f1	ARNTL	Unknown	CTGTCATGTGTTCA
locus_2378_ref	locus_2378_ref	TFBS	TFBS	77	90	11.271717344074965	0.8486432310301324	+	BMAL1_f1	ARNTL	Unknown	GGCTCACGTGGGCA
locus_2378_ref	locus_2378_ref	TFBS	TFBS	77	90	10.148647866638015	0.8319622387382591	-	BMAL1_f1	ARNTL	Unknown	TGCCCACGTGAGCC
locus_2426_ref	locus_2426_ref	TFBS	TFBS	23	36	8.681360136112303	0.8101685600615687	+	BMAL1_f1	ARNTL	Unknown	GGGTCATGTGACGA
locus_2426_ref	locus_2426_ref	TFBS	TFBS	23	36	8.06708562682735	0.8010447181619015	-	BMAL1_f1	ARNTL	Unknown	TCGTCACATGACCC
locus_2439_ref	locus_2439_ref	TFBS	TFBS	99	112	10.115630763496966	0.8314718344898482	+	BMAL1_f1	ARNTL	Unknown	GTGTCACCTGCCCG
locus_2462_ref	locus_2462_ref	TFBS	TFBS	25	38	10.806053771726148	0.8417267128475849	+	BMAL1_f1	ARNTL	Unknown	GGATCACGTGGTCT
locus_2462_ref	locus_2462_ref	TFBS	TFBS	25	38	9.049112193087097	0.815630794901854	-	BMAL1_f1	ARNTL	Unknown	AGACCACGTGATCC
locus_2483_ref	locus_2483_ref	TFBS	TFBS	110	123	9.628778348225644	0.8242405976433489	+	BMAL1_f1	ARNTL	Unknown	GTGCCCCGTGAGCA
locus_2490_ref	locus_2490_ref	TFBS	TFBS	109	122	13.160108838223465	0.8766915794099847	-	BMAL1_f1	ARNTL	Unknown	GTGCCACGTGGCCA
locus_2499_ref	locus_2499_ref	TFBS	TFBS	53	66	9.712108586368316	0.825478304738114	+	BMAL1_f1	ARNTL	Unknown	GGACTACGTGACCA
locus_2499_ref	locus_2499_ref	TFBS	TFBS	53	66	8.469787531753923	0.8070260643804216	-	BMAL1_f1	ARNTL	Unknown	TGGTCACGTAGTCC
locus_2502_ref	locus_2502_ref	TFBS	TFBS	128	141	11.32671526248025	0.8494601171368419	-	BMAL1_f1	ARNTL	Unknown	GAGTCACGTGCATG
locus_2503_ref	locus_2503_ref	TFBS	TFBS	106	119	11.32671526248025	0.8494601171368419	-	BMAL1_f1	ARNTL	Unknown	GAGTCACGTGCATG
locus_2591_ref	locus_2591_ref	TFBS	TFBS	92	105	12.107462385652298	0.8610565828989223	+	BMAL1_f1	ARNTL	Unknown	CAGTCACATGTCCT
locus_2621_ref	locus_2621_ref	TFBS	TFBS	7	20	9.708055538087223	0.8254181046627902	+	BMAL1_f1	ARNTL	Unknown	AGGTCAGGTGTTCA
locus_2621_ref	locus_2621_ref	TFBS	TFBS	86	99	8.351362025039187	0.8052670859695952	+	BMAL1_f1	ARNTL	Unknown	GTGGCACATGTCCA
locus_2648_ref	locus_2648_ref	TFBS	TFBS	70	83	12.184120866127955	0.8621951941314522	+	BMAL1_f1	ARNTL	Unknown	CGGCCACGTCTCCC
locus_2655_ref	locus_2655_ref	TFBS	TFBS	124	137	8.045143073946669	0.8007188046161946	-	BMAL1_f1	ARNTL	Unknown	CGGTCACATGACTT
locus_2694_ref	locus_2694_ref	TFBS	TFBS	24	37	9.880317115221601	0.8279767122094243	+	BMAL1_f1	ARNTL	Unknown	GGCTCAAGTGATCC
locus_2694_ref	locus_2694_ref	TFBS	TFBS	24	37	8.657924693885171	0.8098204725754413	-	BMAL1_f1	ARNTL	Unknown	GGATCACTTGAGCC
locus_2705_ref	locus_2705_ref	TFBS	TFBS	90	103	8.248812028563421	0.8037439070967726	+	BMAL1_f1	ARNTL	Unknown	GCAGCACGTGACCC
locus_2705_ref	locus_2705_ref	TFBS	TFBS	90	103	12.458377907641136	0.8662687440652586	-	BMAL1_f1	ARNTL	Unknown	GGGTCACGTGCTGC
locus_2707_ref	locus_2707_ref	TFBS	TFBS	93	106	9.880317115221601	0.8279767122094243	+	BMAL1_f1	ARNTL	Unknown	GGCTCAGGTGATCC
locus_2707_ref	locus_2707_ref	TFBS	TFBS	93	106	8.657924693885171	0.8098204725754413	-	BMAL1_f1	ARNTL	Unknown	GGATCACCTGAGCC
locus_2709_ref	locus_2709_ref	TFBS	TFBS	68	81	10.255224927950138	0.8335452317533444	-	BMAL1_f1	ARNTL	Unknown	GGGCCACCTGTTTA
locus_2711_ref	locus_2711_ref	TFBS	TFBS	43	56	9.14604311706168	0.8170705134839619	-	BMAL1_f1	ARNTL	Unknown	GGCCCACCTGTCCT
locus_2747_ref	locus_2747_ref	TFBS	TFBS	116	129	9.493928416318795	0.8222376666405125	+	BMAL1_f1	ARNTL	Unknown	GGGCTACGTAACCA
locus_2749_ref	locus_2749_ref	TFBS	TFBS	101	114	9.505103644653651	0.8224036527183631	-	BMAL1_f1	ARNTL	Unknown	TCCCCACGTGTGCA
locus_2794_ref	locus_2794_ref	TFBS	TFBS	26	39	8.70147002597647	0.8104672529960255	+	BMAL1_f1	ARNTL	Unknown	CAGTCATGTGTGAA
locus_2823_ref	locus_2823_ref	TFBS	TFBS	65	78	8.70147002597647	0.8104672529960255	+	BMAL1_f1	ARNTL	Unknown	CAGTCTCGTGTGAA
locus_2860_ref	locus_2860_ref	TFBS	TFBS	31	44	9.61900786578449	0.8240954763079701	+	BMAL1_f1	ARNTL	Unknown	CAGTCACTTGTCAC
locus_2864_ref	locus_2864_ref	TFBS	TFBS	96	109	8.962779275413595	0.8143484888974799	-	BMAL1_f1	ARNTL	Unknown	GGCTCAAGTGATCT
locus_2879_ref	locus_2879_ref	TFBS	TFBS	103	116	9.880317115221601	0.8279767122094243	+	BMAL1_f1	ARNTL	Unknown	GGCTCAAGTGATCC
locus_2879_ref	locus_2879_ref	TFBS	TFBS	103	116	8.657924693885171	0.8098204725754413	-	BMAL1_f1	ARNTL	Unknown	GGATCACTTGAGCC
locus_2882_ref	locus_2882_ref	TFBS	TFBS	40	53	10.345980687570417	0.8348932303919717	+	BMAL1_f1	ARNTL	Unknown	GGCTCAAGTGACCC
locus_2882_ref	locus_2882_ref	TFBS	TFBS	40	53	11.95070644311302	0.8587282811137374	-	BMAL1_f1	ARNTL	Unknown	GGGTCACTTGAGCC
locus_2883_ref	locus_2883_ref	TFBS	TFBS	57	70	8.192261121536347	0.8029039543928936	+	BMAL1_f1	ARNTL	Unknown	GTTTCAAGTGATCC
locus_2902_ref	locus_2902_ref	TFBS	TFBS	38	51	8.019999544401962	0.8003453468462596	-	BMAL1_f1	ARNTL	Unknown	AGGTCACGAGTTCG
locus_3032_ref	locus_3032_ref	TFBS	TFBS	113	126	8.101792342632656	0.8015602182894144	-	BMAL1_f1	ARNTL	Unknown	GCCACACGTGCCCA
locus_3044_ref	locus_3044_ref	TFBS	TFBS	114	127	8.768062847451503	0.8114563586248725	-	BMAL1_f1	ARNTL	Unknown	TGGTCATGTGCCCT
locus_3045_ref	locus_3045_ref	TFBS	TFBS	23	36	8.768062847451503	0.8114563586248725	-	BMAL1_f1	ARNTL	Unknown	TGGTCATGTGCCCT
locus_3053_ref	locus_3053_ref	TFBS	TFBS	117	130	9.631259730762096	0.8242774537095098	-	BMAL1_f1	ARNTL	Unknown	GGCCCACGTGCCTT
locus_3064_ref	locus_3064_ref	TFBS	TFBS	120	133	11.234456054709966	0.8480897877274961	-	BMAL1_f1	ARNTL	Unknown	CTTTCACGTATTCA
locus_3104_ref	locus_3104_ref	TFBS	TFBS	116	129	10.851170769562103	0.8423968372773323	+	BMAL1_f1	ARNTL	Unknown	GAGCCCCGTGAGCA
locus_3131_ref	locus_3131_ref	TFBS	TFBS	42	55	8.574757091355465	0.8085851811134226	-	BMAL1_f1	ARNTL	Unknown	TCGTCACGTGATGA
locus_3138_ref	locus_3138_ref	TFBS	TFBS	69	82	10.634393028990665	0.8391770295163962	-	BMAL1_f1	ARNTL	Unknown	CAGCCACGTATCAC
locus_3157_ref	locus_3157_ref	TFBS	TFBS	93	106	8.680379544712878	0.8101539953014145	+	BMAL1_f1	ARNTL	Unknown	GACCCACGCGTCCT
locus_3190_ref	locus_3190_ref	TFBS	TFBS	90	103	8.045241435605568	0.8007202655855352	-	BMAL1_f1	ARNTL	Unknown	GGATCACATGCTCT
locus_3195_ref	locus_3195_ref	TFBS	TFBS	51	64	8.11529466680566	0.8017607688074164	+	BMAL1_f1	ARNTL	Unknown	GGGTCATGTGTGGA
locus_3309_ref	locus_3309_ref	TFBS	TFBS	43	56	11.290326442802112	0.8489196326585826	-	BMAL1_f1	ARNTL	Unknown	CAGTCACATGCTCA
locus_3314_ref	locus_3314_ref	TFBS	TFBS	24	37	8.76806284745151	0.8114563586248726	+	BMAL1_f1	ARNTL	Unknown	TGGTCTCGTGCCCG
locus_3344_ref	locus_3344_ref	TFBS	TFBS	101	114	9.880317115221601	0.8279767122094243	+	BMAL1_f1	ARNTL	Unknown	GGCTCAAGTGATCC
locus_3344_ref	locus_3344_ref	TFBS	TFBS	101	114	8.657924693885171	0.8098204725754413	-	BMAL1_f1	ARNTL	Unknown	GGATCACTTGAGCC
locus_3387_ref	locus_3387_ref	TFBS	TFBS	44	57	13.49174275086748	0.8816173501229094	+	BMAL1_f1	ARNTL	Unknown	GGGTCACATGCCCA
locus_3418_ref	locus_3418_ref	TFBS	TFBS	52	65	9.428442847762412	0.8212650070800274	-	BMAL1_f1	ARNTL	Unknown	GGATCACTTGACCT
locus_3429_ref	locus_3429_ref	TFBS	TFBS	5	18	8.303665283007895	0.8045586445043466	-	BMAL1_f1	ARNTL	Unknown	CGGGCATGTGTTCA
locus_3464_ref	locus_3464_ref	TFBS	TFBS	70	83	8.663543766386333	0.8099039328661557	-	BMAL1_f1	ARNTL	Unknown	CAGCGACGTGCCCG
locus_3505_ref	locus_3505_ref	TFBS	TFBS	93	106	8.710161555359292	0.8105963486019094	-	BMAL1_f1	ARNTL	Unknown	CTGCCACATGTGCC
locus_3521_ref	locus_3521_ref	TFBS	TFBS	113	126	8.364352051265193	0.8054600273073312	-	BMAL1_f1	ARNTL	Unknown	GAGTGACGGGTCCC
locus_3588_ref	locus_3588_ref	TFBS	TFBS	35	48	9.05320107733413	0.815691527250099	-	BMAL1_f1	ARNTL	Unknown	GGGACACGTATCAA
locus_3621_ref	locus_3621_ref	TFBS	TFBS	84	97	8.397694397506385	0.8059552624034819	-	BMAL1_f1	ARNTL	Unknown	GGGTCACCTGCCAG
locus_3647_ref	locus_3647_ref	TFBS	TFBS	45	58	8.110727004161951	0.8016929251460203	-	BMAL1_f1	ARNTL	Unknown	GAGCTACGTACCCA
locus_3695_ref	locus_3695_ref	TFBS	TFBS	102	115	8.451763921997014	0.8067583590412	+	BMAL1_f1	ARNTL	Unknown	GAGACATGTGACCA
locus_3695_ref	locus_3695_ref	TFBS	TFBS	102	115	8.319136691770332	0.8047884419082433	-	BMAL1_f1	ARNTL	Unknown	TGGTCACATGTCTC
locus_3696_ref	locus_3696_ref	TFBS	TFBS	2	15	8.451763921997014	0.8067583590412	+	BMAL1_f1	ARNTL	Unknown	GAGACATGTGACCA
locus_3696_ref	locus_3696_ref	TFBS	TFBS	2	15	8.319136691770332	0.8047884419082433	-	BMAL1_f1	ARNTL	Unknown	TGGTCACATGTCTC
locus_3722_ref	locus_3722_ref	TFBS	TFBS	102	115	8.351362025039187	0.8052670859695952	+	BMAL1_f1	ARNTL	Unknown	GGGACAGGTGTGCA
locus_3737_ref	locus_3737_ref	TFBS	TFBS	40	53	9.115418033845543	0.8166156379955528	-	BMAL1_f1	ARNTL	Unknown	CAGCCATGTGATCT
locus_3807_ref	locus_3807_ref	TFBS	TFBS	75	88	9.403200956558798	0.8208900883407516	+	BMAL1_f1	ARNTL	Unknown	AGGTCAAGTGTCCC
locus_3829_ref	locus_3829_ref	TFBS	TFBS	19	32	8.663543766386333	0.8099039328661557	-	BMAL1_f1	ARNTL	Unknown	CTGCCACCTGCTCA
locus_3905_ref	locus_3905_ref	TFBS	TFBS	23	36	9.774226368411789	0.8264009424415446	+	BMAL1_f1	ARNTL	Unknown	TTGCCACGTGTTAT
locus_3936_ref	locus_3936_ref	TFBS	TFBS	122	135	8.315117869321888	0.8047287501904719	-	BMAL1_f1	ARNTL	Unknown	GAGCCACCTGAACT
locus_3993_ref	locus_3993_ref	TFBS	TFBS	78	91	8.01287968076381	0.8002395952495389	-	BMAL1_f1	ARNTL	Unknown	GAGTCAGCTGACCA
locus_3994_ref	locus_3994_ref	TFBS	TFBS	64	77	8.01287968076381	0.8002395952495389	-	BMAL1_f1	ARNTL	Unknown	GAGTCAGCTGACCA
locus_3999_ref	locus_3999_ref	TFBS	TFBS	70	83	9.767106504773615	0.8262951908448236	+	BMAL1_f1	ARNTL	Unknown	GGGTCCCGTGATTC
locus_3999_ref	locus_3999_ref	TFBS	TFBS	70	83	9.880317115221615	0.8279767122094245	-	BMAL1_f1	ARNTL	Unknown	GAATCACGGGACCC
locus_4000_ref	locus_4000_ref	TFBS	TFBS	36	49	9.767106504773615	0.8262951908448236	+	BMAL1_f1	ARNTL	Unknown	GGGTCCCGTGATTC
locus_4000_ref	locus_4000_ref	TFBS	TFBS	36	49	9.880317115221615	0.8279767122094245	-	BMAL1_f1	ARNTL	Unknown	GAATCACGGGACCC
locus_4048_ref	locus_4048_ref	TFBS	TFBS	106	119	8.788881896708304	0.8117655847298945	+	BMAL1_f1	ARNTL	Unknown	CAGGCACGTGCCAA
locus_4049_ref	locus_4049_ref	TFBS	TFBS	106	119	8.788881896708304	0.8117655847298945	+	BMAL1_f1	ARNTL	Unknown	CAGGCACGTGCCAA
locus_4058_ref	locus_4058_ref	TFBS	TFBS	31	44	14.949780539286984	0.9032736390689787	-	BMAL1_f1	ARNTL	Unknown	GAGCCACGTGTTTC
locus_4063_ref	locus_4063_ref	TFBS	TFBS	128	141	15.53127111505411	0.9119105399972323	+	BMAL1_f1	ARNTL	Unknown	GGGTCATGTGTCCA
locus_4064_ref	locus_4064_ref	TFBS	TFBS	116	129	15.53127111505411	0.9119105399972323	+	BMAL1_f1	ARNTL	Unknown	GGGTCATGTGTCCA
locus_4091_ref	locus_4091_ref	TFBS	TFBS	46	59	8.77822686811102	0.8116073251978959	+	BMAL1_f1	ARNTL	Unknown	GGACCACGTTTTCT
locus_4115_ref	locus_4115_ref	TFBS	TFBS	113	126	8.657924693885157	0.8098204725754411	+	BMAL1_f1	ARNTL	Unknown	GGATCACTTGAGCC
locus_4115_ref	locus_4115_ref	TFBS	TFBS	113	126	9.880317115221622	0.8279767122094246	-	BMAL1_f1	ARNTL	Unknown	GGCTCAAGTGATCC
locus_4155_ref	locus_4155_ref	TFBS	TFBS	99	112	8.192261121536362	0.8029039543928939	-	BMAL1_f1	ARNTL	Unknown	GAATCACTTGAGCC
locus_4171_ref	locus_4171_ref	TFBS	TFBS	99	112	8.01287968076381	0.8002395952495389	-	BMAL1_f1	ARNTL	Unknown	GAGTCAGATGACCA
locus_4175_ref	locus_4175_ref	TFBS	TFBS	33	46	9.202865456095552	0.81791449777743	-	BMAL1_f1	ARNTL	Unknown	TGCTCACTTGTCCA
locus_4217_ref	locus_4217_ref	TFBS	TFBS	108	121	11.76870860937013	0.8560250605892769	+	BMAL1_f1	ARNTL	Unknown	GGGCGACGTGATCC
locus_4220_ref	locus_4220_ref	TFBS	TFBS	3	16	8.832497006150447	0.8124134015560395	-	BMAL1_f1	ARNTL	Unknown	GGTTCAAGTGTCTA
locus_4229_ref	locus_4229_ref	TFBS	TFBS	55	68	9.855075224018016	0.8276017934701488	+	BMAL1_f1	ARNTL	Unknown	TGGCCACGGGTTCC
locus_4272_ref	locus_4272_ref	TFBS	TFBS	79	92	8.397694397506385	0.8059552624034819	-	BMAL1_f1	ARNTL	Unknown	GTGTCACTTGCCAA
locus_4276_ref	locus_4276_ref	TFBS	TFBS	98	111	8.814680636424455	0.8121487743606262	-	BMAL1_f1	ARNTL	Unknown	CACTCATGTGTCCT
locus_4297_ref	locus_4297_ref	TFBS	TFBS	119	132	8.657924693885157	0.8098204725754411	+	BMAL1_f1	ARNTL	Unknown	GGATCACTTGAGCC
locus_4297_ref	locus_4297_ref	TFBS	TFBS	119	132	9.880317115221622	0.8279767122094246	-	BMAL1_f1	ARNTL	Unknown	GGCTCAAGTGATCC
locus_4304_ref	locus_4304_ref	TFBS	TFBS	81	94	9.414653542872813	0.8210601940268771	-	BMAL1_f1	ARNTL	Unknown	GACTCAAGTGATCC
locus_4316_ref	locus_4316_ref	TFBS	TFBS	78	91	8.657924693885157	0.8098204725754411	+	BMAL1_f1	ARNTL	Unknown	GGATCACCTGAGCC
locus_4316_ref	locus_4316_ref	TFBS	TFBS	78	91	9.880317115221622	0.8279767122094246	-	BMAL1_f1	ARNTL	Unknown	GGCTCAGGTGATCC
locus_4348_ref	locus_4348_ref	TFBS	TFBS	113	126	9.944257001478064	0.8289264136938074	-	BMAL1_f1	ARNTL	Unknown	CGTTCACGTTACCA
locus_4358_ref	locus_4358_ref	TFBS	TFBS	119	132	8.960224701853903	0.8143105457223564	-	BMAL1_f1	ARNTL	Unknown	GGCTCACGTCTGCG
locus_4493_ref	locus_4493_ref	TFBS	TFBS	61	74	10.084769799792198	0.831013455459858	+	BMAL1_f1	ARNTL	Unknown	GACTCATGTGTGCA
locus_4494_ref	locus_4494_ref	TFBS	TFBS	61	74	10.084769799792198	0.831013455459858	+	BMAL1_f1	ARNTL	Unknown	GACTCATGTGTGCA
locus_4495_ref	locus_4495_ref	TFBS	TFBS	61	74	10.084769799792198	0.831013455459858	+	BMAL1_f1	ARNTL	Unknown	GACTCATGTGTGCA
locus_4500_ref	locus_4500_ref	TFBS	TFBS	120	133	10.069406512742368	0.830785263991739	+	BMAL1_f1	ARNTL	Unknown	GTGTCACGTCTTTA
locus_4501_ref	locus_4501_ref	TFBS	TFBS	8	21	10.069406512742368	0.830785263991739	+	BMAL1_f1	ARNTL	Unknown	GTGTCACGTCTTTA
locus_4502_ref	locus_4502_ref	TFBS	TFBS	8	21	10.069406512742368	0.830785263991739	+	BMAL1_f1	ARNTL	Unknown	GTGTCACGTCTTTA
locus_4503_ref	locus_4503_ref	TFBS	TFBS	8	21	10.069406512742368	0.830785263991739	+	BMAL1_f1	ARNTL	Unknown	GTGTCACGTCTTTA
locus_4714_ref	locus_4714_ref	TFBS	TFBS	98	111	8.962779275413581	0.8143484888974797	+	BMAL1_f1	ARNTL	Unknown	GACTCAAGTGAGCA
locus_4715_ref	locus_4715_ref	TFBS	TFBS	98	111	8.962779275413581	0.8143484888974797	+	BMAL1_f1	ARNTL	Unknown	GACTCAAGTGAGCA
locus_4716_ref	locus_4716_ref	TFBS	TFBS	98	111	8.962779275413581	0.8143484888974797	+	BMAL1_f1	ARNTL	Unknown	GACTCAAGTGAGCA
locus_4717_ref	locus_4717_ref	TFBS	TFBS	44	57	8.962779275413581	0.8143484888974797	+	BMAL1_f1	ARNTL	Unknown	GACTCAAGTGAGCA
locus_4718_ref	locus_4718_ref	TFBS	TFBS	44	57	8.962779275413581	0.8143484888974797	+	BMAL1_f1	ARNTL	Unknown	GACTCAAGTGAGCA
locus_4719_ref	locus_4719_ref	TFBS	TFBS	44	57	8.962779275413581	0.8143484888974797	+	BMAL1_f1	ARNTL	Unknown	GACTCAAGTGAGCA
locus_4720_ref	locus_4720_ref	TFBS	TFBS	17	30	8.962779275413581	0.8143484888974797	+	BMAL1_f1	ARNTL	Unknown	GACTCAAGTGAGCA
locus_4721_ref	locus_4721_ref	TFBS	TFBS	18	31	8.962779275413581	0.8143484888974797	+	BMAL1_f1	ARNTL	Unknown	GACTCAAGTGAGCA
locus_4722_ref	locus_4722_ref	TFBS	TFBS	18	31	8.962779275413581	0.8143484888974797	+	BMAL1_f1	ARNTL	Unknown	GACTCAAGTGAGCA
locus_4943_ref	locus_4943_ref	TFBS	TFBS	98	111	8.65387164560407	0.8097602725001174	-	BMAL1_f1	ARNTL	Unknown	TTGTCACATGTTCT
locus_4965_ref	locus_4965_ref	TFBS	TFBS	92	105	8.114782368858641	0.8017531596271501	+	BMAL1_f1	ARNTL	Unknown	GCATCATGTGATCA
locus_4985_ref	locus_4985_ref	TFBS	TFBS	77	90	12.43882486628953	0.865978322022258	-	BMAL1_f1	ARNTL	Unknown	GGGCCACCTGTCCG
locus_5011_ref	locus_5011_ref	TFBS	TFBS	66	79	8.862377378455761	0.812857215825875	-	BMAL1_f1	ARNTL	Unknown	GTATCACATGTGCA
locus_5046_ref	locus_5046_ref	TFBS	TFBS	30	43	10.084769799792213	0.8310134554598583	-	BMAL1_f1	ARNTL	Unknown	GTCTCACATGTTCA
locus_5048_ref	locus_5048_ref	TFBS	TFBS	64	77	8.665044557523323	0.809926224172162	+	BMAL1_f1	ARNTL	Unknown	ATTTCACGTGTGCC
locus_5151_ref	locus_5151_ref	TFBS	TFBS	70	83	11.249791041899513	0.8483175588567485	+	BMAL1_f1	ARNTL	Unknown	GGGTCAAGTATCCC
locus_5203_ref	locus_5203_ref	TFBS	TFBS	107	120	12.207864282610132	0.8625478559705272	-	BMAL1_f1	ARNTL	Unknown	CAGTCACGCGATCA
locus_5252_ref	locus_5252_ref	TFBS	TFBS	115	128	10.851170769562096	0.8423968372773322	+	BMAL1_f1	ARNTL	Unknown	GGGCCTCGTGCTCC
locus_5294_ref	locus_5294_ref	TFBS	TFBS	90	103	8.767053956191752	0.8114413735258512	-	BMAL1_f1	ARNTL	Unknown	GAGTCACCTTTTCA
locus_5334_ref	locus_5334_ref	TFBS	TFBS	65	78	9.484706774072912	0.8221006972487584	+	BMAL1_f1	ARNTL	Unknown	GAGCCACATGTCTC
locus_5336_ref	locus_5336_ref	TFBS	TFBS	127	140	9.63125973076211	0.82427745370951	+	BMAL1_f1	ARNTL	Unknown	GGCCCACGTGCCAG
locus_5355_ref	locus_5355_ref	TFBS	TFBS	23	36	8.358689184857901	0.805375916544117	+	BMAL1_f1	ARNTL	Unknown	CTGCCACATGACCT
locus_5377_ref	locus_5377_ref	TFBS	TFBS	12	25	9.380746105731106	0.8205565656147785	-	BMAL1_f1	ARNTL	Unknown	CACTCACATGACCA
locus_5384_ref	locus_5384_ref	TFBS	TFBS	12	25	9.428442847762412	0.8212650070800274	-	BMAL1_f1	ARNTL	Unknown	GGATCAAGTGACCT
locus_5404_ref	locus_5404_ref	TFBS	TFBS	59	72	12.900606037762785	0.8728371747616782	+	BMAL1_f1	ARNTL	Unknown	GTATCACGTGAGCC
locus_5404_ref	locus_5404_ref	TFBS	TFBS	59	72	12.405062093108675	0.8654768423092954	-	BMAL1_f1	ARNTL	Unknown	GGCTCACGTGATAC
locus_5485_ref	locus_5485_ref	TFBS	TFBS	52	65	8.215696563763501	0.8032520418790214	+	BMAL1_f1	ARNTL	Unknown	GAGTCAAGTGACGA
locus_5508_ref	locus_5508_ref	TFBS	TFBS	109	122	8.962779275413581	0.8143484888974797	+	BMAL1_f1	ARNTL	Unknown	GGCTCAAGTGATCT
locus_5580_ref	locus_5580_ref	TFBS	TFBS	77	90	11.768708609370137	0.856025060589277	-	BMAL1_f1	ARNTL	Unknown	GGGCCATGTGATCC
locus_1_alt	locus_1_alt	TFBS	TFBS	69	82	10.624055937983258	0.8390234923231243	-	BMAL1_f1	ARNTL	Unknown	GGGCCACGTGGACT
locus_14_alt	locus_14_alt	TFBS	TFBS	59	72	8.396615444448052	0.805939236673987	-	BMAL1_f1	ARNTL	Unknown	CTGTGACGTGTCAC
locus_21_alt	locus_21_alt	TFBS	TFBS	113	126	8.396713806106938	0.8059406976433274	+	BMAL1_f1	ARNTL	Unknown	GTTTCACCTGTTCT
locus_25_alt	locus_25_alt	TFBS	TFBS	102	115	12.075063982035552	0.8605753682173218	+	BMAL1_f1	ARNTL	Unknown	GCCCCACGTGTTCT
locus_36_alt	locus_36_alt	TFBS	TFBS	93	106	9.12920733873515	0.8168204510487032	+	BMAL1_f1	ARNTL	Unknown	CGGCCACCTGCCCT
locus_48_alt	locus_48_alt	TFBS	TFBS	25	38	8.657924693885157	0.8098204725754411	+	BMAL1_f1	ARNTL	Unknown	GGCTCACTTGAGCC
locus_48_alt	locus_48_alt	TFBS	TFBS	25	38	8.657924693885171	0.8098204725754413	-	BMAL1_f1	ARNTL	Unknown	GGCTCAAGTGAGCC
locus_82_alt	locus_82_alt	TFBS	TFBS	79	92	8.962779275413595	0.8143484888974799	-	BMAL1_f1	ARNTL	Unknown	GACTGACGTGCCCC
locus_132_alt	locus_132_alt	TFBS	TFBS	94	107	9.61900786578449	0.8240954763079701	-	BMAL1_f1	ARNTL	Unknown	CGGTCTCGTGTTAC
locus_136_alt	locus_136_alt	TFBS	TFBS	25	38	8.453264713134011	0.8067806503472064	+	BMAL1_f1	ARNTL	Unknown	GCCACACGTGTCCT
locus_182_alt	locus_182_alt	TFBS	TFBS	117	130	9.428442847762412	0.8212650070800274	-	BMAL1_f1	ARNTL	Unknown	GGATCACTTGACCT
locus_251_alt	locus_251_alt	TFBS	TFBS	104	117	9.982732101263473	0.8294978857673021	-	BMAL1_f1	ARNTL	Unknown	GTTCCACGTGTGTA
locus_270_alt	locus_270_alt	TFBS	TFBS	96	109	9.03944007230482	0.81548713453581545	+	BMAL1_f1	ARNTL	Unknown	TCACCACGTGTTCT
locus_272_alt	locus_272_alt	TFBS	TFBS	79	92	9.68560068725953	0.8250845819368172	+	BMAL1_f1	ARNTL	Unknown	TGGTCAAGTGCCCC
locus_272_alt	locus_272_alt	TFBS	TFBS	79	92	8.917427494345844	0.8136748772237477	-	BMAL1_f1	ARNTL	Unknown	GGGGCACTTGACCA
locus_371_alt	locus_371_alt	TFBS	TFBS	121	134	11.846448359319702	0.8571797319571075	+	BMAL1_f1	ARNTL	Unknown	GAGACACGTGAACA
locus_371_alt	locus_371_alt	TFBS	TFBS	121	134	10.957092280105385	0.843970093372715	-	BMAL1_f1	ARNTL	Unknown	TGTTCACGTGTCTC
locus_460_alt	locus_460_alt	TFBS	TFBS	3	16	8.01836374283107	0.8003210502253084	-	BMAL1_f1	ARNTL	Unknown	CAGGCACGTGCCAC
locus_557_alt	locus_557_alt	TFBS	TFBS	3	16	9.03793928116783	0.8154648432298092	-	BMAL1_f1	ARNTL	Unknown	TAGCCATGTGATCA
locus_576_alt	locus_576_alt	TFBS	TFBS	46	59	9.243890440459836	0.8185238433804434	-	BMAL1_f1	ARNTL	Unknown	GGACCACGTCTGCA
locus_597_alt	locus_597_alt	TFBS	TFBS	122	135	9.880317115221601	0.8279767122094243	+	BMAL1_f1	ARNTL	Unknown	GGTTCAAGTGATCC
locus_598_alt	locus_598_alt	TFBS	TFBS	122	135	9.880317115221601	0.8279767122094243	+	BMAL1_f1	ARNTL	Unknown	GGTTCAAGTGATCC
locus_606_alt	locus_606_alt	TFBS	TFBS	128	141	8.66920663279361	0.8099880436293698	+	BMAL1_f1	ARNTL	Unknown	GAGTCATATGTTCA
locus_683_alt	locus_683_alt	TFBS	TFBS	46	59	8.347381262504754	0.8052079595571277	+	BMAL1_f1	ARNTL	Unknown	CAATCACGTGATGC
locus_683_alt	locus_683_alt	TFBS	TFBS	46	59	8.951471353060441	0.8141805319104904	-	BMAL1_f1	ARNTL	Unknown	GCATCACGTGATTG
locus_696_alt	locus_696_alt	TFBS	TFBS	85	98	10.567505030956184	0.8381835396192454	-	BMAL1_f1	ARNTL	Unknown	GTGTCACTTGATCT
locus_825_alt	locus_825_alt	TFBS	TFBS	102	115	9.428442847762412	0.8212650070800274	-	BMAL1_f1	ARNTL	Unknown	GGTTCACCTGCCCC
locus_905_alt	locus_905_alt	TFBS	TFBS	20	33	15.638792875650118	0.913507564665558	-	BMAL1_f1	ARNTL	Unknown	AAGTCACGTGTCCA
locus_908_alt	locus_908_alt	TFBS	TFBS	79	92	10.084769799792198	0.831013455459858	+	BMAL1_f1	ARNTL	Unknown	GTTTCACATGTTCA
locus_908_alt	locus_908_alt	TFBS	TFBS	9	22	8.178533636057402	0.8027000595457257	-	BMAL1_f1	ARNTL	Unknown	GAGTCCCGTATGCG
locus_914_alt	locus_914_alt	TFBS	TFBS	1	14	15.629056619041627	0.91336295168773185	+	BMAL1_f1	ARNTL	Unknown	GGGCCACGTGAACC
locus_914_alt	locus_914_alt	TFBS	TFBS	1	14	12.189255183882985	0.862271454342077	-	BMAL1_f1	ARNTL	Unknown	GGTTCACGTGGCCC
locus_915_alt	locus_915_alt	TFBS	TFBS	68	81	10.285105300255452	0.8339890460231799	-	BMAL1_f1	ARNTL	Unknown	GTGCCAAGTGTTCT
locus_923_alt	locus_923_alt	TFBS	TFBS	115	128	9.880317115221601	0.8279767122094243	+	BMAL1_f1	ARNTL	Unknown	GGCTCAAGTGATCC
locus_923_alt	locus_923_alt	TFBS	TFBS	115	128	8.657924693885171	0.8098204725754413	-	BMAL1_f1	ARNTL	Unknown	GGATCACTTGAGCC
locus_936_alt	locus_936_alt	TFBS	TFBS	80	93	12.43882486628953	0.865978322022258	-	BMAL1_f1	ARNTL	Unknown	GGGCCACATGTCCT
locus_944_alt	locus_944_alt	TFBS	TFBS	90	103	8.500863093506418	0.8074876308431146	+	BMAL1_f1	ARNTL	Unknown	GGCACACGTGTCTC
locus_944_alt	locus_944_alt	TFBS	TFBS	90	103	13.04591763637604	0.8749954932852296	-	BMAL1_f1	ARNTL	Unknown	GAGACACGTGTGCC
locus_951_alt	locus_951_alt	TFBS	TFBS	81	94	9.551299595547931	0.8230898028776052	+	BMAL1_f1	ARNTL	Unknown	GGGCCGCGTGCACA
locus_971_alt	locus_971_alt	TFBS	TFBS	115	128	9.219937114910714	0.8181680637542696	-	BMAL1_f1	ARNTL	Unknown	CAGTCACTTGCACA
locus_981_alt	locus_981_alt	TFBS	TFBS	117	130	9.980250718727042	0.8294610297011414	-	BMAL1_f1	ARNTL	Unknown	GTGCCACATGTGCC
locus_1106_alt	locus_1106_alt	TFBS	TFBS	12	25	11.46228236209705	0.8514737002580752	+	BMAL1_f1	ARNTL	Unknown	TAGCCACGTGTCTG
locus_1161_alt	locus_1161_alt	TFBS	TFBS	115	128	9.267633856942012	0.8188765052195184	+	BMAL1_f1	ARNTL	Unknown	GGGTCATGTGCACG
locus_1161_alt	locus_1161_alt	TFBS	TFBS	81	94	8.319136691770332	0.8047884419082433	-	BMAL1_f1	ARNTL	Unknown	TGGTCACATGTCAC
locus_1161_alt	locus_1161_alt	TFBS	TFBS	121	134	10.124484928492748	0.8316033457284785	-	BMAL1_f1	ARNTL	Unknown	AGGCCACGTGCACA
locus_1170_alt	locus_1170_alt	TFBS	TFBS	79	92	9.971559189344212	0.8293319340952574	+	BMAL1_f1	ARNTL	Unknown	GTGTCACATGTTAA
locus_1194_alt	locus_1194_alt	TFBS	TFBS	54	67	9.880317115221601	0.8279767122094243	+	BMAL1_f1	ARNTL	Unknown	GGCTCAAGTGATCC
locus_1194_alt	locus_1194_alt	TFBS	TFBS	54	67	8.657924693885171	0.8098204725754413	-	BMAL1_f1	ARNTL	Unknown	GGATCACTTGAGCC
locus_1195_alt	locus_1195_alt	TFBS	TFBS	21	34	9.880317115221601	0.8279767122094243	+	BMAL1_f1	ARNTL	Unknown	GGCTCAAGTGATCC
locus_1195_alt	locus_1195_alt	TFBS	TFBS	21	34	8.657924693885171	0.8098204725754413	-	BMAL1_f1	ARNTL	Unknown	GGATCACTTGAGCC
locus_1212_alt	locus_1212_alt	TFBS	TFBS	101	114	10.650835269098856	0.8394212467140105	+	BMAL1_f1	ARNTL	Unknown	GGATCACGAGATCA
locus_1217_alt	locus_1217_alt	TFBS	TFBS	75	88	9.86732708899563	0.8277837708716886	+	BMAL1_f1	ARNTL	Unknown	GGACCACGTGGCCT
locus_1217_alt	locus_1217_alt	TFBS	TFBS	75	88	8.254431101064604	0.8038273673874873	-	BMAL1_f1	ARNTL	Unknown	AGGCCACGTGGTCC
locus_1235_alt	locus_1235_alt	TFBS	TFBS	64	77	11.042022768300768	0.845231569040423	+	BMAL1_f1	ARNTL	Unknown	TGGACACGTGACCC
locus_1235_alt	locus_1235_alt	TFBS	TFBS	64	77	21.462008452617013	1.0000000000000002	-	BMAL1_f1	ARNTL	Unknown	GGGTCACGTGTCCA
locus_1377_alt	locus_1377_alt	TFBS	TFBS	50	63	9.414653542872813	0.8210601940268771	-	BMAL1_f1	ARNTL	Unknown	GACTCAAGTGATCC
locus_1410_alt	locus_1410_alt	TFBS	TFBS	5	18	9.60053377749123	0.8238210799944645	+	BMAL1_f1	ARNTL	Unknown	GGGTCCAGTGTCCA
locus_1411_alt	locus_1411_alt	TFBS	TFBS	5	18	9.60053377749123	0.8238210799944645	+	BMAL1_f1	ARNTL	Unknown	GGGTCCAGTGTCCA
locus_1412_alt	locus_1412_alt	TFBS	TFBS	5	18	9.60053377749123	0.8238210799944645	+	BMAL1_f1	ARNTL	Unknown	GGGTCCAGTGTCCA
locus_1423_alt	locus_1423_alt	TFBS	TFBS	3	16	8.302399275102701	0.8045398404423252	+	BMAL1_f1	ARNTL	Unknown	TTGTCACCTGCTCA
locus_1428_alt	locus_1428_alt	TFBS	TFBS	106	119	9.470450739941711	0.821888951849001	+	BMAL1_f1	ARNTL	Unknown	GAATCACGTGCTGA
locus_1429_alt	locus_1429_alt	TFBS	TFBS	52	65	9.470450739941711	0.821888951849001	+	BMAL1_f1	ARNTL	Unknown	GAATCACGTGCTGA
locus_1436_alt	locus_1436_alt	TFBS	TFBS	120	133	11.202643140063486	0.8476172693351246	+	BMAL1_f1	ARNTL	Unknown	GAGCCTCGTGTGCC
locus_1437_alt	locus_1437_alt	TFBS	TFBS	46	59	13.341027718908016	0.8793787742049503	-	BMAL1_f1	ARNTL	Unknown	CAACCACGTGTGCA
locus_1442_alt	locus_1442_alt	TFBS	TFBS	78	91	8.031172456321237	0.8005112985183044	-	BMAL1_f1	ARNTL	Unknown	CTCACACGTGTCCT
locus_1479_alt	locus_1479_alt	TFBS	TFBS	119	132	8.657924693885157	0.8098204725754411	+	BMAL1_f1	ARNTL	Unknown	GGATCACTTGAGCC
locus_1479_alt	locus_1479_alt	TFBS	TFBS	119	132	9.880317115221622	0.8279767122094246	-	BMAL1_f1	ARNTL	Unknown	GGCTCAAGTGATCC
locus_1488_alt	locus_1488_alt	TFBS	TFBS	22	35	8.158353684394662	0.8024003259807954	-	BMAL1_f1	ARNTL	Unknown	CGCTCCCGTGCCCC
locus_1553_alt	locus_1553_alt	TFBS	TFBS	9	22	10.889097029152246	0.8429601574072022	+	BMAL1_f1	ARNTL	Unknown	GAGTCACTTGTCTC
locus_1645_alt	locus_1645_alt	TFBS	TFBS	64	77	9.417134925409258	0.821097050093038	+	BMAL1_f1	ARNTL	Unknown	GGCTCACGTGCAAC
locus_1663_alt	locus_1663_alt	TFBS	TFBS	83	96	13.557913581192054	0.8826001879016638	+	BMAL1_f1	ARNTL	Unknown	GGGTCACGTGAGAG
locus_1663_alt	locus_1663_alt	TFBS	TFBS	83	96	13.318572868080317	0.8790452514789772	-	BMAL1_f1	ARNTL	Unknown	CTCTCACGTGACCC
locus_1673_alt	locus_1673_alt	TFBS	TFBS	117	130	13.94511780946371	0.8883513465583133	+	BMAL1_f1	ARNTL	Unknown	GGTTCACGTGTACT
locus_1756_alt	locus_1756_alt	TFBS	TFBS	92	105	7.99754469357427	0.8000118241202865	+	BMAL1_f1	ARNTL	Unknown	CACTCACCTGCTCA
locus_1782_alt	locus_1782_alt	TFBS	TFBS	62	75	8.66375024975784	0.8099069997712739	+	BMAL1_f1	ARNTL	Unknown	GTGTCACGTACTTG
locus_1794_alt	locus_1794_alt	TFBS	TFBS	94	107	10.550433372141008	0.8379299736424055	+	BMAL1_f1	ARNTL	Unknown	GGTTCAGGTGTGCA
locus_1812_alt	locus_1812_alt	TFBS	TFBS	92	105	9.880317115221601	0.8279767122094243	+	BMAL1_f1	ARNTL	Unknown	GGCTCAAGTGATCC
locus_1812_alt	locus_1812_alt	TFBS	TFBS	92	105	8.657924693885171	0.8098204725754413	-	BMAL1_f1	ARNTL	Unknown	GGATCACTTGAGCC
locus_1813_alt	locus_1813_alt	TFBS	TFBS	88	101	9.880317115221601	0.8279767122094243	+	BMAL1_f1	ARNTL	Unknown	GGCTCAAGTGATCC
locus_1813_alt	locus_1813_alt	TFBS	TFBS	88	101	8.657924693885171	0.8098204725754413	-	BMAL1_f1	ARNTL	Unknown	GGATCACTTGAGCC
locus_1825_alt	locus_1825_alt	TFBS	TFBS	64	77	8.699932586064484	0.8104444173444151	+	BMAL1_f1	ARNTL	Unknown	GTGTCACGTGAAGT
locus_1860_alt	locus_1860_alt	TFBS	TFBS	105	118	8.962779275413581	0.8143484888974797	+	BMAL1_f1	ARNTL	Unknown	GGCTCAAGTGATCT
locus_1880_alt	locus_1880_alt	TFBS	TFBS	10	23	19.42248008843039	0.9697068101256775	+	BMAL1_f1	ARNTL	Unknown	GGGTCACGTGCCCA
locus_1880_alt	locus_1880_alt	TFBS	TFBS	10	23	11.042022768300782	0.8452315690404232	-	BMAL1_f1	ARNTL	Unknown	TGGGCACGTGACCC
locus_1905_alt	locus_1905_alt	TFBS	TFBS	46	59	8.33757272014958	0.8050622729164448	+	BMAL1_f1	ARNTL	Unknown	GAGGCACGGGTTCC
locus_1906_alt	locus_1906_alt	TFBS	TFBS	29	42	8.33757272014958	0.8050622729164448	+	BMAL1_f1	ARNTL	Unknown	GAGGCACGGGTTCC
locus_1907_alt	locus_1907_alt	TFBS	TFBS	18	31	8.33757272014958	0.8050622729164448	+	BMAL1_f1	ARNTL	Unknown	GAGGCACGGGTTCC
locus_1956_alt	locus_1956_alt	TFBS	TFBS	29	42	12.99521821481391	0.8742424529103721	-	BMAL1_f1	ARNTL	Unknown	GGGTCACTTGTACA
locus_1957_alt	locus_1957_alt	TFBS	TFBS	98	111	12.673527854958948	0.8694643741530746	-	BMAL1_f1	ARNTL	Unknown	CAGTCACATGACCA
locus_1980_alt	locus_1980_alt	TFBS	TFBS	75	88	10.889097029152246	0.8429601574072022	+	BMAL1_f1	ARNTL	Unknown	GAGTCACCTGTCAC
locus_1994_alt	locus_1994_alt	TFBS	TFBS	47	60	9.484706774072912	0.8221006972487584	+	BMAL1_f1	ARNTL	Unknown	GAGCCACTTGTCAC
locus_2031_alt	locus_2031_alt	TFBS	TFBS	45	58	8.439744523835635	0.8065798344778395	-	BMAL1_f1	ARNTL	Unknown	GTGTCACTTAACCC
locus_2078_alt	locus_2078_alt	TFBS	TFBS	72	85	8.079050511088361	0.801222433028293	+	BMAL1_f1	ARNTL	Unknown	GTGTCGCGTGATAC
locus_2180_alt	locus_2180_alt	TFBS	TFBS	33	46	10.502736630109709	0.8372215321771568	+	BMAL1_f1	ARNTL	Unknown	CACTCAGGTGTCCA
locus_2199_alt	locus_2199_alt	TFBS	TFBS	121	134	8.192261121536347	0.8029039543928936	+	BMAL1_f1	ARNTL	Unknown	GTCTCAAGTGATCC
locus_2244_alt	locus_2244_alt	TFBS	TFBS	106	119	8.497115703064779	0.8074319707149324	-	BMAL1_f1	ARNTL	Unknown	GTGTCACTTGAACG
locus_2336_alt	locus_2336_alt	TFBS	TFBS	128	141	12.107462385652305	0.8610565828989224	-	BMAL1_f1	ARNTL	Unknown	CTGTCATGTGTTCA
locus_2366_alt	locus_2366_alt	TFBS	TFBS	70	83	9.880317115221601	0.8279767122094243	+	BMAL1_f1	ARNTL	Unknown	GGCTCAAGTGATCC
locus_2366_alt	locus_2366_alt	TFBS	TFBS	70	83	8.657924693885171	0.8098204725754413	-	BMAL1_f1	ARNTL	Unknown	GGATCACTTGAGCC
locus_2378_alt	locus_2378_alt	TFBS	TFBS	77	90	11.271717344074965	0.8486432310301324	+	BMAL1_f1	ARNTL	Unknown	GGCTCACGTGGGCA
locus_2378_alt	locus_2378_alt	TFBS	TFBS	77	90	10.148647866638015	0.8319622387382591	-	BMAL1_f1	ARNTL	Unknown	TGCCCACGTGAGCC
locus_2426_alt	locus_2426_alt	TFBS	TFBS	23	36	8.681360136112303	0.8101685600615687	+	BMAL1_f1	ARNTL	Unknown	GGGTCATGTGACGA
locus_2426_alt	locus_2426_alt	TFBS	TFBS	23	36	8.06708562682735	0.8010447181619015	-	BMAL1_f1	ARNTL	Unknown	TCGTCACATGACCC
locus_2439_alt	locus_2439_alt	TFBS	TFBS	99	112	10.115630763496966	0.8314718344898482	+	BMAL1_f1	ARNTL	Unknown	GTGTCACCTGCCCG
locus_2462_alt	locus_2462_alt	TFBS	TFBS	25	38	10.806053771726148	0.8417267128475849	+	BMAL1_f1	ARNTL	Unknown	GGATCACGTGGTCT
locus_2462_alt	locus_2462_alt	TFBS	TFBS	25	38	9.049112193087097	0.815630794901854	-	BMAL1_f1	ARNTL	Unknown	AGACCACGTGATCC
locus_2483_alt	locus_2483_alt	TFBS	TFBS	110	123	9.628778348225644	0.8242405976433489	+	BMAL1_f1	ARNTL	Unknown	GTGCCCCGTGAGCA
locus_2490_alt	locus_2490_alt	TFBS	TFBS	109	122	13.160108838223465	0.8766915794099847	-	BMAL1_f1	ARNTL	Unknown	GTGCCACGTGGCCA
locus_2499_alt	locus_2499_alt	TFBS	TFBS	53	66	9.712108586368316	0.825478304738114	+	BMAL1_f1	ARNTL	Unknown	GGACTACGTGACCA
locus_2499_alt	locus_2499_alt	TFBS	TFBS	53	66	8.469787531753923	0.8070260643804216	-	BMAL1_f1	ARNTL	Unknown	TGGTCACGTAGTCC
locus_2502_alt	locus_2502_alt	TFBS	TFBS	128	141	11.32671526248025	0.8494601171368419	-	BMAL1_f1	ARNTL	Unknown	GAGTCACGTGCATG
locus_2503_alt	locus_2503_alt	TFBS	TFBS	106	119	11.32671526248025	0.8494601171368419	-	BMAL1_f1	ARNTL	Unknown	GAGTCACGTGCATG
locus_2591_alt	locus_2591_alt	TFBS	TFBS	92	105	12.107462385652298	0.8610565828989223	+	BMAL1_f1	ARNTL	Unknown	CAGTCACATGTCCT
locus_2621_alt	locus_2621_alt	TFBS	TFBS	7	20	9.708055538087223	0.8254181046627902	+	BMAL1_f1	ARNTL	Unknown	AGGTCAGGTGTTCA
locus_2621_alt	locus_2621_alt	TFBS	TFBS	86	99	8.351362025039187	0.8052670859695952	+	BMAL1_f1	ARNTL	Unknown	GTGGCACATGTCCA
locus_2648_alt	locus_2648_alt	TFBS	TFBS	70	83	11.718457293779146	0.8552786759489047	+	BMAL1_f1	ARNTL	Unknown	CAGCCACGTCTCCC
locus_2655_alt	locus_2655_alt	TFBS	TFBS	124	137	8.045143073946669	0.8007188046161946	-	BMAL1_f1	ARNTL	Unknown	CGGTCACATGACTT
locus_2694_alt	locus_2694_alt	TFBS	TFBS	24	37	9.880317115221601	0.8279767122094243	+	BMAL1_f1	ARNTL	Unknown	GGCTCAAGTGATCC
locus_2694_alt	locus_2694_alt	TFBS	TFBS	24	37	8.657924693885171	0.8098204725754413	-	BMAL1_f1	ARNTL	Unknown	GGATCACTTGAGCC
locus_2705_alt	locus_2705_alt	TFBS	TFBS	90	103	8.248812028563421	0.8037439070967726	+	BMAL1_f1	ARNTL	Unknown	GCAGCACGTGACCC
locus_2705_alt	locus_2705_alt	TFBS	TFBS	90	103	12.458377907641136	0.8662687440652586	-	BMAL1_f1	ARNTL	Unknown	GGGTCACGTGCTGC
locus_2707_alt	locus_2707_alt	TFBS	TFBS	93	106	9.880317115221601	0.8279767122094243	+	BMAL1_f1	ARNTL	Unknown	GGCTCAGGTGATCC
locus_2707_alt	locus_2707_alt	TFBS	TFBS	93	106	8.657924693885171	0.8098204725754413	-	BMAL1_f1	ARNTL	Unknown	GGATCACCTGAGCC
locus_2709_alt	locus_2709_alt	TFBS	TFBS	68	81	8.215696563763494	0.8032520418790213	-	BMAL1_f1	ARNTL	Unknown	GGGCCACCTGCTTA
locus_2711_alt	locus_2711_alt	TFBS	TFBS	43	56	9.14604311706168	0.8170705134839619	-	BMAL1_f1	ARNTL	Unknown	GGCCCACCTGTCCT
locus_2747_alt	locus_2747_alt	TFBS	TFBS	116	129	9.493928416318795	0.8222376666405125	+	BMAL1_f1	ARNTL	Unknown	GGGCTACGTAACCA
locus_2749_alt	locus_2749_alt	TFBS	TFBS	101	114	9.505103644653651	0.8224036527183631	-	BMAL1_f1	ARNTL	Unknown	TCCCCACGTGTGCA
locus_2794_alt	locus_2794_alt	TFBS	TFBS	26	39	8.70147002597647	0.8104672529960255	+	BMAL1_f1	ARNTL	Unknown	CAGTCATGTGTGAA
locus_2860_alt	locus_2860_alt	TFBS	TFBS	31	44	9.61900786578449	0.8240954763079701	+	BMAL1_f1	ARNTL	Unknown	CAGTCACTTGTCAC
locus_2864_alt	locus_2864_alt	TFBS	TFBS	96	109	8.962779275413595	0.8143484888974799	-	BMAL1_f1	ARNTL	Unknown	GGCTCAAGTGATCT
locus_2879_alt	locus_2879_alt	TFBS	TFBS	103	116	9.880317115221601	0.8279767122094243	+	BMAL1_f1	ARNTL	Unknown	GGCTCAAGTGATCC
locus_2879_alt	locus_2879_alt	TFBS	TFBS	103	116	8.657924693885171	0.8098204725754413	-	BMAL1_f1	ARNTL	Unknown	GGATCACTTGAGCC
locus_2882_alt	locus_2882_alt	TFBS	TFBS	40	53	10.345980687570417	0.8348932303919717	+	BMAL1_f1	ARNTL	Unknown	GGCTCAAGTGACCC
locus_2882_alt	locus_2882_alt	TFBS	TFBS	40	53	11.95070644311302	0.8587282811137374	-	BMAL1_f1	ARNTL	Unknown	GGGTCACTTGAGCC
locus_2883_alt	locus_2883_alt	TFBS	TFBS	57	70	8.192261121536347	0.8029039543928936	+	BMAL1_f1	ARNTL	Unknown	GTTTCAAGTGATCC
locus_2900_alt	locus_2900_alt	TFBS	TFBS	62	75	8.992561286060003	0.8147908421979747	+	BMAL1_f1	ARNTL	Unknown	CTGTCACGGGAGCC
locus_2902_alt	locus_2902_alt	TFBS	TFBS	38	51	8.019999544401962	0.8003453468462596	-	BMAL1_f1	ARNTL	Unknown	AGGTCACGAGTTCG
locus_3032_alt	locus_3032_alt	TFBS	TFBS	113	126	8.101792342632656	0.8015602182894144	-	BMAL1_f1	ARNTL	Unknown	GCCACACGTGCCCA
locus_3044_alt	locus_3044_alt	TFBS	TFBS	114	127	8.768062847451503	0.8114563586248725	-	BMAL1_f1	ARNTL	Unknown	TGGTCATGTGCCCT
locus_3045_alt	locus_3045_alt	TFBS	TFBS	63	76	12.087352495788146	0.8607578899644657	+	BMAL1_f1	ARNTL	Unknown	GGGCCTCGTGCCCA
locus_3045_alt	locus_3045_alt	TFBS	TFBS	23	36	8.768062847451503	0.8114563586248725	-	BMAL1_f1	ARNTL	Unknown	TGGTCATGTGCCCT
locus_3053_alt	locus_3053_alt	TFBS	TFBS	117	130	9.631259730762096	0.8242774537095098	-	BMAL1_f1	ARNTL	Unknown	GGCCCACGTGCCTT
locus_3064_alt	locus_3064_alt	TFBS	TFBS	120	133	11.234456054709966	0.8480897877274961	-	BMAL1_f1	ARNTL	Unknown	CTTTCACGTATTCA
locus_3104_alt	locus_3104_alt	TFBS	TFBS	116	129	10.851170769562103	0.8423968372773323	+	BMAL1_f1	ARNTL	Unknown	GAGCCCCGTGAGCA
locus_3131_alt	locus_3131_alt	TFBS	TFBS	42	55	8.574757091355465	0.8085851811134226	-	BMAL1_f1	ARNTL	Unknown	TCGTCACGTGATGA
locus_3138_alt	locus_3138_alt	TFBS	TFBS	69	82	8.946337035305405	0.8141042716998655	-	BMAL1_f1	ARNTL	Unknown	CAGCCACGTATGAC
locus_3157_alt	locus_3157_alt	TFBS	TFBS	92	105	8.680379544712878	0.8101539953014145	+	BMAL1_f1	ARNTL	Unknown	GACCCACGCGTCCT
locus_3162_alt	locus_3162_alt	TFBS	TFBS	64	77	12.255561024641437	0.863256297435776	+	BMAL1_f1	ARNTL	Unknown	GAGTAACGTGAGCA
locus_3190_alt	locus_3190_alt	TFBS	TFBS	90	103	8.045241435605568	0.8007202655855352	-	BMAL1_f1	ARNTL	Unknown	GGATCACATGCTCT
locus_3195_alt	locus_3195_alt	TFBS	TFBS	51	64	8.11529466680566	0.8017607688074164	+	BMAL1_f1	ARNTL	Unknown	GGGTCATGTGTGGA
locus_3309_alt	locus_3309_alt	TFBS	TFBS	43	56	11.290326442802112	0.8489196326585826	-	BMAL1_f1	ARNTL	Unknown	CAGTCACATGCTCA
locus_3314_alt	locus_3314_alt	TFBS	TFBS	24	37	8.76806284745151	0.8114563586248726	+	BMAL1_f1	ARNTL	Unknown	TGGTCTCGTGCCCG
locus_3344_alt	locus_3344_alt	TFBS	TFBS	101	114	9.880317115221601	0.8279767122094243	+	BMAL1_f1	ARNTL	Unknown	GGCTCAAGTGATCC
locus_3344_alt	locus_3344_alt	TFBS	TFBS	101	114	8.657924693885171	0.8098204725754413	-	BMAL1_f1	ARNTL	Unknown	GGATCACTTGAGCC
locus_3387_alt	locus_3387_alt	TFBS	TFBS	44	57	13.49174275086748	0.8816173501229094	+	BMAL1_f1	ARNTL	Unknown	GGGTCACATGCCCA
locus_3418_alt	locus_3418_alt	TFBS	TFBS	52	65	9.428442847762412	0.8212650070800274	-	BMAL1_f1	ARNTL	Unknown	GGATCACTTGACCT
locus_3429_alt	locus_3429_alt	TFBS	TFBS	5	18	8.303665283007895	0.8045586445043466	-	BMAL1_f1	ARNTL	Unknown	CGGGCATGTGTTCA
locus_3505_alt	locus_3505_alt	TFBS	TFBS	93	106	8.710161555359292	0.8105963486019094	-	BMAL1_f1	ARNTL	Unknown	CTGCCACATGTGCC
locus_3521_alt	locus_3521_alt	TFBS	TFBS	113	126	8.364352051265193	0.8054600273073312	-	BMAL1_f1	ARNTL	Unknown	GAGTGACGGGTCCC
locus_3588_alt	locus_3588_alt	TFBS	TFBS	35	48	9.05320107733413	0.815691527250099	-	BMAL1_f1	ARNTL	Unknown	GGGACACGTATCAA
locus_3621_alt	locus_3621_alt	TFBS	TFBS	84	97	8.397694397506385	0.8059552624034819	-	BMAL1_f1	ARNTL	Unknown	GGGTCACCTGCCAG
locus_3647_alt	locus_3647_alt	TFBS	TFBS	45	58	8.110727004161951	0.8016929251460203	-	BMAL1_f1	ARNTL	Unknown	GAGCTACGTACCCA
locus_3695_alt	locus_3695_alt	TFBS	TFBS	102	115	8.451763921997014	0.8067583590412	+	BMAL1_f1	ARNTL	Unknown	GAGACATGTGACCA
locus_3695_alt	locus_3695_alt	TFBS	TFBS	102	115	8.319136691770332	0.8047884419082433	-	BMAL1_f1	ARNTL	Unknown	TGGTCACATGTCTC
locus_3696_alt	locus_3696_alt	TFBS	TFBS	2	15	8.451763921997014	0.8067583590412	+	BMAL1_f1	ARNTL	Unknown	GAGACATGTGACCA
locus_3696_alt	locus_3696_alt	TFBS	TFBS	2	15	8.319136691770332	0.8047884419082433	-	BMAL1_f1	ARNTL	Unknown	TGGTCACATGTCTC
locus_3722_alt	locus_3722_alt	TFBS	TFBS	102	115	8.351362025039187	0.8052670859695952	+	BMAL1_f1	ARNTL	Unknown	GGGACAGGTGTGCA
locus_3737_alt	locus_3737_alt	TFBS	TFBS	40	53	9.115418033845543	0.8166156379955528	-	BMAL1_f1	ARNTL	Unknown	CAGCCATGTGATCT
locus_3745_alt	locus_3745_alt	TFBS	TFBS	65	78	9.36593165887654	0.8203365260902842	+	BMAL1_f1	ARNTL	Unknown	GTGCCACGTGATGG
locus_3807_alt	locus_3807_alt	TFBS	TFBS	75	88	9.403200956558798	0.8208900883407516	+	BMAL1_f1	ARNTL	Unknown	AGGTCAAGTGTCCC
locus_3829_alt	locus_3829_alt	TFBS	TFBS	19	32	8.663543766386333	0.8099039328661557	-	BMAL1_f1	ARNTL	Unknown	CTGCCACCTGCTCA
locus_3905_alt	locus_3905_alt	TFBS	TFBS	23	36	9.774226368411789	0.8264009424415446	+	BMAL1_f1	ARNTL	Unknown	TTGCCACGTGTTAT
locus_3924_alt	locus_3924_alt	TFBS	TFBS	70	83	9.671811382369917	0.8248797688836668	+	BMAL1_f1	ARNTL	Unknown	TAGTCACCTGATCC
locus_3936_alt	locus_3936_alt	TFBS	TFBS	122	135	8.315117869321888	0.8047287501904719	-	BMAL1_f1	ARNTL	Unknown	GAGCCACCTGAACT
locus_3993_alt	locus_3993_alt	TFBS	TFBS	78	91	8.01287968076381	0.8002395952495389	-	BMAL1_f1	ARNTL	Unknown	GAGTCAGCTGACCA
locus_3994_alt	locus_3994_alt	TFBS	TFBS	64	77	13.943617018326698	0.8883290552523067	-	BMAL1_f1	ARNTL	Unknown	GAGTCACCTGACCA
locus_3999_alt	locus_3999_alt	TFBS	TFBS	70	83	9.30144293242482	0.8193786726622764	+	BMAL1_f1	ARNTL	Unknown	GAGTCCCGTGATTC
locus_4000_alt	locus_4000_alt	TFBS	TFBS	36	49	9.767106504773615	0.8262951908448236	+	BMAL1_f1	ARNTL	Unknown	GGGTCCCGTGATTC
locus_4000_alt	locus_4000_alt	TFBS	TFBS	36	49	9.880317115221615	0.8279767122094245	-	BMAL1_f1	ARNTL	Unknown	GAATCACGGGACCC
locus_4020_alt	locus_4020_alt	TFBS	TFBS	67	80	9.613443361036119	0.8240128265140967	+	BMAL1_f1	ARNTL	Unknown	CTCCCACGTGCTCT
locus_4048_alt	locus_4048_alt	TFBS	TFBS	106	119	8.788881896708304	0.8117655847298945	+	BMAL1_f1	ARNTL	Unknown	CAGGCACGTGCCAA
locus_4049_alt	locus_4049_alt	TFBS	TFBS	106	119	8.788881896708304	0.8117655847298945	+	BMAL1_f1	ARNTL	Unknown	CAGGCACGTGCCAA
locus_4058_alt	locus_4058_alt	TFBS	TFBS	31	44	14.949780539286984	0.9032736390689787	-	BMAL1_f1	ARNTL	Unknown	GAGCCACGTGTTTC
locus_4063_alt	locus_4063_alt	TFBS	TFBS	125	138	15.53127111505411	0.9119105399972323	+	BMAL1_f1	ARNTL	Unknown	GGGTCATGTGTCCA
locus_4064_alt	locus_4064_alt	TFBS	TFBS	116	129	15.53127111505411	0.9119105399972323	+	BMAL1_f1	ARNTL	Unknown	GGGTCATGTGTCCA
locus_4091_alt	locus_4091_alt	TFBS	TFBS	46	59	8.77822686811102	0.8116073251978959	+	BMAL1_f1	ARNTL	Unknown	GGACCACGTTTTCT
locus_4115_alt	locus_4115_alt	TFBS	TFBS	113	126	8.657924693885157	0.8098204725754411	+	BMAL1_f1	ARNTL	Unknown	GGATCACTTGAGCC
locus_4115_alt	locus_4115_alt	TFBS	TFBS	113	126	9.880317115221622	0.8279767122094246	-	BMAL1_f1	ARNTL	Unknown	GGCTCAAGTGATCC
locus_4155_alt	locus_4155_alt	TFBS	TFBS	99	112	8.192261121536362	0.8029039543928939	-	BMAL1_f1	ARNTL	Unknown	GAATCACTTGAGCC
locus_4171_alt	locus_4171_alt	TFBS	TFBS	99	112	8.01287968076381	0.8002395952495389	-	BMAL1_f1	ARNTL	Unknown	GAGTCAGATGACCA
locus_4175_alt	locus_4175_alt	TFBS	TFBS	33	46	9.202865456095552	0.81791449777743	-	BMAL1_f1	ARNTL	Unknown	TGCTCACTTGTCCA
locus_4217_alt	locus_4217_alt	TFBS	TFBS	108	121	11.76870860937013	0.8560250605892769	+	BMAL1_f1	ARNTL	Unknown	GGGCGACGTGATCC
locus_4220_alt	locus_4220_alt	TFBS	TFBS	3	16	8.832497006150447	0.8124134015560395	-	BMAL1_f1	ARNTL	Unknown	GGTTCAAGTGTCTA
locus_4229_alt	locus_4229_alt	TFBS	TFBS	55	68	9.855075224018016	0.8276017934701488	+	BMAL1_f1	ARNTL	Unknown	TGGCCACGGGTTCC
locus_4272_alt	locus_4272_alt	TFBS	TFBS	79	92	8.397694397506385	0.8059552624034819	-	BMAL1_f1	ARNTL	Unknown	GTGTCACTTGCCAA
locus_4276_alt	locus_4276_alt	TFBS	TFBS	98	111	8.814680636424455	0.8121487743606262	-	BMAL1_f1	ARNTL	Unknown	CACTCATGTGTCCT
locus_4297_alt	locus_4297_alt	TFBS	TFBS	119	132	8.657924693885157	0.8098204725754411	+	BMAL1_f1	ARNTL	Unknown	GGATCACTTGAGCC
locus_4297_alt	locus_4297_alt	TFBS	TFBS	119	132	9.880317115221622	0.8279767122094246	-	BMAL1_f1	ARNTL	Unknown	GGCTCAAGTGATCC
locus_4304_alt	locus_4304_alt	TFBS	TFBS	81	94	9.414653542872813	0.8210601940268771	-	BMAL1_f1	ARNTL	Unknown	GACTCAAGTGATCC
locus_4316_alt	locus_4316_alt	TFBS	TFBS	78	91	8.657924693885157	0.8098204725754411	+	BMAL1_f1	ARNTL	Unknown	GGATCACCTGAGCC
locus_4316_alt	locus_4316_alt	TFBS	TFBS	78	91	9.880317115221622	0.8279767122094246	-	BMAL1_f1	ARNTL	Unknown	GGCTCAGGTGATCC
locus_4348_alt	locus_4348_alt	TFBS	TFBS	113	126	9.944257001478064	0.8289264136938074	-	BMAL1_f1	ARNTL	Unknown	CGTTCACGTTACCA
locus_4358_alt	locus_4358_alt	TFBS	TFBS	119	132	8.960224701853903	0.8143105457223564	-	BMAL1_f1	ARNTL	Unknown	GGCTCACGTCTGCG
locus_4494_alt	locus_4494_alt	TFBS	TFBS	61	74	8.045241435605568	0.8007202655855352	+	BMAL1_f1	ARNTL	Unknown	GACTCATGTGCGCA
locus_4495_alt	locus_4495_alt	TFBS	TFBS	61	74	8.962779275413581	0.8143484888974797	+	BMAL1_f1	ARNTL	Unknown	GACTCATGTGAGCA
locus_4500_alt	locus_4500_alt	TFBS	TFBS	120	133	10.069406512742368	0.830785263991739	+	BMAL1_f1	ARNTL	Unknown	GTGTCACGTCTTTA
locus_4501_alt	locus_4501_alt	TFBS	TFBS	8	21	10.069406512742368	0.830785263991739	+	BMAL1_f1	ARNTL	Unknown	GTGTCACGTCTTTA
locus_4502_alt	locus_4502_alt	TFBS	TFBS	8	21	10.069406512742368	0.830785263991739	+	BMAL1_f1	ARNTL	Unknown	GTGTCACGTCTTTA
locus_4503_alt	locus_4503_alt	TFBS	TFBS	8	21	10.069406512742368	0.830785263991739	+	BMAL1_f1	ARNTL	Unknown	GTGTCACGTCTTTA
locus_4631_alt	locus_4631_alt	TFBS	TFBS	71	84	9.085636023199136	0.816173284695058	+	BMAL1_f1	ARNTL	Unknown	GAGCCATGTGCACA
locus_4714_alt	locus_4714_alt	TFBS	TFBS	98	111	8.962779275413581	0.8143484888974797	+	BMAL1_f1	ARNTL	Unknown	GACTCAAGTGAGCA
locus_4715_alt	locus_4715_alt	TFBS	TFBS	98	111	8.962779275413581	0.8143484888974797	+	BMAL1_f1	ARNTL	Unknown	GACTCAAGTGAGCA
locus_4716_alt	locus_4716_alt	TFBS	TFBS	98	111	8.962779275413581	0.8143484888974797	+	BMAL1_f1	ARNTL	Unknown	GACTCAAGTGAGCA
locus_4717_alt	locus_4717_alt	TFBS	TFBS	44	57	8.962779275413581	0.8143484888974797	+	BMAL1_f1	ARNTL	Unknown	GACTCAAGTGAGCA
locus_4718_alt	locus_4718_alt	TFBS	TFBS	44	57	8.962779275413581	0.8143484888974797	+	BMAL1_f1	ARNTL	Unknown	GACTCAAGTGAGCA
locus_4719_alt	locus_4719_alt	TFBS	TFBS	44	57	8.962779275413581	0.8143484888974797	+	BMAL1_f1	ARNTL	Unknown	GACTCAAGTGAGCA
locus_4720_alt	locus_4720_alt	TFBS	TFBS	17	30	8.962779275413581	0.8143484888974797	+	BMAL1_f1	ARNTL	Unknown	GACTCAAGTGAGCA
locus_4721_alt	locus_4721_alt	TFBS	TFBS	18	31	8.962779275413581	0.8143484888974797	+	BMAL1_f1	ARNTL	Unknown	GACTCAAGTGAGCA
locus_4722_alt	locus_4722_alt	TFBS	TFBS	18	31	8.962779275413581	0.8143484888974797	+	BMAL1_f1	ARNTL	Unknown	GACTCAAGTGAGCA
locus_4943_alt	locus_4943_alt	TFBS	TFBS	98	111	8.65387164560407	0.8097602725001174	-	BMAL1_f1	ARNTL	Unknown	TTGTCACATGTTCT
locus_4965_alt	locus_4965_alt	TFBS	TFBS	93	106	8.114782368858641	0.8017531596271501	+	BMAL1_f1	ARNTL	Unknown	GCATCATGTGATCA
locus_4985_alt	locus_4985_alt	TFBS	TFBS	77	90	12.43882486628953	0.865978322022258	-	BMAL1_f1	ARNTL	Unknown	GGGCCACCTGTCCG
locus_5046_alt	locus_5046_alt	TFBS	TFBS	30	43	10.084769799792213	0.8310134554598583	-	BMAL1_f1	ARNTL	Unknown	GTCTCACATGTTCA
locus_5151_alt	locus_5151_alt	TFBS	TFBS	70	83	9.561735048214253	0.8232448010402179	+	BMAL1_f1	ARNTL	Unknown	GTGTCAAGTATCCC
locus_5196_alt	locus_5196_alt	TFBS	TFBS	68	81	8.632682802681572	0.8094455538361657	-	BMAL1_f1	ARNTL	Unknown	CACCCACCTGTTCA
locus_5203_alt	locus_5203_alt	TFBS	TFBS	107	120	12.207864282610132	0.8625478559705272	-	BMAL1_f1	ARNTL	Unknown	CAGTCACGCGATCA
locus_5250_alt	locus_5250_alt	TFBS	TFBS	58	71	8.120401441359789	0.8018366199178644	+	BMAL1_f1	ARNTL	Unknown	AAGTCACGAGATCA
locus_5252_alt	locus_5252_alt	TFBS	TFBS	115	128	10.851170769562096	0.8423968372773322	+	BMAL1_f1	ARNTL	Unknown	GGGCCTCGTGCTCC
locus_5293_alt	locus_5293_alt	TFBS	TFBS	61	74	8.01836374283107	0.8003210502253084	-	BMAL1_f1	ARNTL	Unknown	CCGCCACGTGCTGA
locus_5294_alt	locus_5294_alt	TFBS	TFBS	90	103	8.767053956191752	0.8114413735258512	-	BMAL1_f1	ARNTL	Unknown	GAGTCACCTTTTCA
locus_5298_alt	locus_5298_alt	TFBS	TFBS	63	76	9.512500866270948	0.8225135239233584	+	BMAL1_f1	ARNTL	Unknown	GCGTCACGTCAGCC
locus_5311_alt	locus_5311_alt	TFBS	TFBS	62	75	12.107462385652305	0.8610565828989224	-	BMAL1_f1	ARNTL	Unknown	CTGTCACCTGTTCA
locus_5336_alt	locus_5336_alt	TFBS	TFBS	128	141	9.63125973076211	0.82427745370951	+	BMAL1_f1	ARNTL	Unknown	GGCCCACGTGCCAG
locus_5355_alt	locus_5355_alt	TFBS	TFBS	23	36	8.358689184857901	0.805375916544117	+	BMAL1_f1	ARNTL	Unknown	CTGCCACATGACCT
locus_5377_alt	locus_5377_alt	TFBS	TFBS	12	25	9.380746105731106	0.8205565656147785	-	BMAL1_f1	ARNTL	Unknown	CACTCACATGACCA
locus_5384_alt	locus_5384_alt	TFBS	TFBS	12	25	9.428442847762412	0.8212650070800274	-	BMAL1_f1	ARNTL	Unknown	GGATCAAGTGACCT
locus_5404_alt	locus_5404_alt	TFBS	TFBS	59	72	9.494613678086957	0.8222478448587814	+	BMAL1_f1	ARNTL	Unknown	GTATCACGTGAGAC
locus_5404_alt	locus_5404_alt	TFBS	TFBS	59	72	10.717006099423415	0.8404040844927648	-	BMAL1_f1	ARNTL	Unknown	GTCTCACGTGATAC
locus_5485_alt	locus_5485_alt	TFBS	TFBS	52	65	8.215696563763501	0.8032520418790214	+	BMAL1_f1	ARNTL	Unknown	GAGTCAAGTGACGA
locus_5508_alt	locus_5508_alt	TFBS	TFBS	109	122	8.962779275413581	0.8143484888974797	+	BMAL1_f1	ARNTL	Unknown	GGCTCAAGTGATCT
locus_5580_alt	locus_5580_alt	TFBS	TFBS	78	91	11.768708609370137	0.856025060589277	-	BMAL1_f1	ARNTL	Unknown	GGGCCATGTGATCC
motif_ATF6A-0-B_motif	motif_ATF6A-0-B_motif	TFBS	TFBS	2	15	8.074203174049913	0.8011504353528162	-	BMAL1_f1	ARNTL	Unknown	CACCCACGTCACCA
motif_ATF6A-0-B_motif	motif_ATF6A-0-B_motif	TFBS	TFBS	14	27	8.074203174049913	0.8011504353528162	-	BMAL1_f1	ARNTL	Unknown	CACCCACGTCACCA
motif_BHE40-0-A_motif	motif_BHE40-0-A_motif	TFBS	TFBS	9	22	8.200361576573954	0.8030242707497689	-	BMAL1_f1	ARNTL	Unknown	CCGTCACGTGCCGT
motif_BHE41-0-D_motif	motif_BHE41-0-D_motif	TFBS	TFBS	4	17	11.158506733626979	0.8469617096655317	+	BMAL1_f1	ARNTL	Unknown	GGGTCACGTGCAGA
motif_BHE41-0-D_motif	motif_BHE41-0-D_motif	TFBS	TFBS	24	37	11.158506733626979	0.8469617096655317	+	BMAL1_f1	ARNTL	Unknown	GGGTCACGTGCAGA
motif_BHE41-0-D_motif	motif_BHE41-0-D_motif	TFBS	TFBS	44	57	11.158506733626979	0.8469617096655317	+	BMAL1_f1	ARNTL	Unknown	GGGTCACGTGCAGA
motif_BMAL1-0-A_motif	motif_BMAL1-0-A_motif	TFBS	TFBS	10	23	10.883434162744962	0.842876046643988	+	BMAL1_f1	ARNTL	Unknown	CTGCCACGTGACTG
motif_BMAL1-0-A_motif	motif_BMAL1-0-A_motif	TFBS	TFBS	10	23	9.422753997910398	0.8211805103837521	-	BMAL1_f1	ARNTL	Unknown	CAGTCACGTGGCAG
motif_CLOCK-0-C_motif	motif_CLOCK-0-C_motif	TFBS	TFBS	1	14	10.576359195951959	0.8383150508578756	+	BMAL1_f1	ARNTL	Unknown	CAGACACGTGAACA
motif_CLOCK-0-C_motif	motif_CLOCK-0-C_motif	TFBS	TFBS	15	28	10.576359195951959	0.8383150508578756	+	BMAL1_f1	ARNTL	Unknown	CAGACACGTGAACA
motif_CLOCK-0-C_motif	motif_CLOCK-0-C_motif	TFBS	TFBS	29	42	10.576359195951959	0.8383150508578756	+	BMAL1_f1	ARNTL	Unknown	CAGACACGTGAACA
motif_CLOCK-0-C_motif	motif_CLOCK-0-C_motif	TFBS	TFBS	1	14	10.039554440297344	0.8303418700607702	-	BMAL1_f1	ARNTL	Unknown	TGTTCACGTGTCTG
motif_CLOCK-0-C_motif	motif_CLOCK-0-C_motif	TFBS	TFBS	15	28	10.039554440297344	0.8303418700607702	-	BMAL1_f1	ARNTL	Unknown	TGTTCACGTGTCTG
motif_CLOCK-0-C_motif	motif_CLOCK-0-C_motif	TFBS	TFBS	29	42	10.039554440297344	0.8303418700607702	-	BMAL1_f1	ARNTL	Unknown	TGTTCACGTGTCTG
motif_CR3L1-0-D_motif	motif_CR3L1-0-D_motif	TFBS	TFBS	10	23	8.018363742831085	0.8003210502253086	+	BMAL1_f1	ARNTL	Unknown	CAGCCACGTGGCAG
motif_FOS-0-A_motif	motif_FOS-0-A_motif	TFBS	TFBS	3	16	14.009787848651264	0.889311893031061	+	BMAL1_f1	ARNTL	Unknown	GAGTCACGTGAGTC
motif_FOS-0-A_motif	motif_FOS-0-A_motif	TFBS	TFBS	12	25	14.009787848651264	0.889311893031061	+	BMAL1_f1	ARNTL	Unknown	GAGTCACGTGAGTC
motif_FOS-0-A_motif	motif_FOS-0-A_motif	TFBS	TFBS	3	16	12.405062093108675	0.8654768423092954	-	BMAL1_f1	ARNTL	Unknown	GACTCACGTGACTC
motif_FOS-0-A_motif	motif_FOS-0-A_motif	TFBS	TFBS	12	25	12.405062093108675	0.8654768423092954	-	BMAL1_f1	ARNTL	Unknown	GACTCACGTGACTC
motif_HEY2-0-D_motif	motif_HEY2-0-D_motif	TFBS	TFBS	2	15	10.201963681170461	0.8327541404942221	-	BMAL1_f1	ARNTL	Unknown	ATGCCACGTGCCCC
motif_HEY2-0-D_motif	motif_HEY2-0-D_motif	TFBS	TFBS	19	32	10.201963681170461	0.8327541404942221	-	BMAL1_f1	ARNTL	Unknown	ATGCCACGTGCCCC
motif_HEY2-0-D_motif	motif_HEY2-0-D_motif	TFBS	TFBS	36	49	10.201963681170461	0.8327541404942221	-	BMAL1_f1	ARNTL	Unknown	ATGCCACGTGCCCC
motif_MAX-0-A_motif	motif_MAX-0-A_motif	TFBS	TFBS	10	23	10.530981200844145	0.8376410498260414	-	BMAL1_f1	ARNTL	Unknown	CTCCCACGTGCTCC
motif_MLXPL-0-D_motif	motif_MLXPL-0-D_motif	TFBS	TFBS	17	30	11.803686757182227	0.8565445923063788	-	BMAL1_f1	ARNTL	Unknown	GTGTCACATGCCCA
motif_MLXPL-0-D_motif	motif_MLXPL-0-D_motif	TFBS	TFBS	36	49	11.803686757182227	0.8565445923063788	-	BMAL1_f1	ARNTL	Unknown	GTGTCACATGCCCA
motif_MXI1-0-A_motif	motif_MXI1-0-A_motif	TFBS	TFBS	13	26	13.44142961586585	0.8808700472765552	-	BMAL1_f1	ARNTL	Unknown	CCGCCACGTGCCCC
motif_MXI1-0-A_motif	motif_MXI1-0-A_motif	TFBS	TFBS	28	41	13.44142961586585	0.8808700472765552	-	BMAL1_f1	ARNTL	Unknown	CCGCCACGTGCCCC
motif_MYCN-0-A_motif	motif_MYCN-0-A_motif	TFBS	TFBS	12	25	10.201963681170454	0.832754140494222	+	BMAL1_f1	ARNTL	Unknown	CGGCCACGTGGGCG
motif_MYCN-0-A_motif	motif_MYCN-0-A_motif	TFBS	TFBS	12	25	8.597237925627873	0.8089190897724565	-	BMAL1_f1	ARNTL	Unknown	CGCCCACGTGGCCG
motif_MYC-0-A_motif	motif_MYC-0-A_motif	TFBS	TFBS	10	23	10.292693457346033	0.8341017531997887	+	BMAL1_f1	ARNTL	Unknown	TCGCCACGTGCTCG
motif_SMAD3-0-B_motif	motif_SMAD3-0-B_motif	TFBS	TFBS	3	16	8.379878027780414	0.8056906352080688	+	BMAL1_f1	ARNTL	Unknown	CTGTCACCTGCTCT
motif_SMAD3-0-B_motif	motif_SMAD3-0-B_motif	TFBS	TFBS	15	28	8.379878027780414	0.8056906352080688	+	BMAL1_f1	ARNTL	Unknown	CTGTCACCTGCTCT
motif_TFEB-0-C_motif	motif_TFEB-0-C_motif	TFBS	TFBS	9	22	10.387988579749738	0.8355171751609457	+	BMAL1_f1	ARNTL	Unknown	GGGTCACGTGGGTC
motif_TFEB-0-C_motif	motif_TFEB-0-C_motif	TFBS	TFBS	9	22	14.406664197705176	0.8952067120537486	-	BMAL1_f1	ARNTL	Unknown	GACCCACGTGACCC
motif_USF1-0-A_motif	motif_USF1-0-A_motif	TFBS	TFBS	12	25	17.381872771185385	0.9393975945218591	+	BMAL1_f1	ARNTL	Unknown	CGGTCACGTGACCG
motif_USF1-0-A_motif	motif_USF1-0-A_motif	TFBS	TFBS	12	25	17.381872771185392	0.9393975945218592	-	BMAL1_f1	ARNTL	Unknown	CGGTCACGTGACCG
motif_USF2-0-A_motif	motif_USF2-0-A_motif	TFBS	TFBS	1	14	14.564499093302807	0.8975510395684285	+	BMAL1_f1	ARNTL	Unknown	GGGTCACGTGGCCG
motif_USF2-0-A_motif	motif_USF2-0-A_motif	TFBS	TFBS	20	33	14.564499093302807	0.8975510395684285	+	BMAL1_f1	ARNTL	Unknown	GGGTCACGTGGCCG
motif_USF2-0-A_motif	motif_USF2-0-A_motif	TFBS	TFBS	39	52	14.564499093302807	0.8975510395684285	+	BMAL1_f1	ARNTL	Unknown	GGGTCACGTGGCCG
motif_USF2-0-A_motif	motif_USF2-0-A_motif	TFBS	TFBS	1	14	16.895020355914085	0.9321663576753602	-	BMAL1_f1	ARNTL	Unknown	CGGCCACGTGACCC
motif_USF2-0-A_motif	motif_USF2-0-A_motif	TFBS	TFBS	20	33	16.895020355914085	0.9321663576753602	-	BMAL1_f1	ARNTL	Unknown	CGGCCACGTGACCC
motif_USF2-0-A_motif	motif_USF2-0-A_motif	TFBS	TFBS	39	52	16.895020355914085	0.9321663576753602	-	BMAL1_f1	ARNTL	Unknown	CGGCCACGTGACCC
positive_JM-MITF_motif	positive_JM-MITF_motif	TFBS	TFBS	5	18	13.29440992993505	0.8786863584691964	+	BMAL1_f1	ARNTL	Unknown	AGGTCACGTGACCT
positive_JM-MITF_motif	positive_JM-MITF_motif	TFBS	TFBS	26	39	13.29440992993505	0.8786863584691964	+	BMAL1_f1	ARNTL	Unknown	AGGTCACGTGACCT
positive_JM-MITF_motif	positive_JM-MITF_motif	TFBS	TFBS	47	60	13.29440992993505	0.8786863584691964	+	BMAL1_f1	ARNTL	Unknown	AGGTCACGTGACCT
positive_JM-MITF_motif	positive_JM-MITF_motif	TFBS	TFBS	5	18	13.294409929935057	0.8786863584691965	-	BMAL1_f1	ARNTL	Unknown	AGGTCACGTGACCT
positive_JM-MITF_motif	positive_JM-MITF_motif	TFBS	TFBS	26	39	13.294409929935057	0.8786863584691965	-	BMAL1_f1	ARNTL	Unknown	AGGTCACGTGACCT
positive_JM-MITF_motif	positive_JM-MITF_motif	TFBS	TFBS	47	60	13.294409929935057	0.8786863584691965	-	BMAL1_f1	ARNTL	Unknown	AGGTCACGTGACCT
positive_JM-MYC_motif	positive_JM-MYC_motif	TFBS	TFBS	6	19	10.919166020515235	0.843406773242845	+	BMAL1_f1	ARNTL	Unknown	CGACCACGTGCACA
positive_JM-MYC_motif	positive_JM-MYC_motif	TFBS	TFBS	25	38	10.919166020515235	0.843406773242845	+	BMAL1_f1	ARNTL	Unknown	CGACCACGTGCACA
positive_JM-MYC_motif	positive_JM-MYC_motif	TFBS	TFBS	44	57	10.919166020515235	0.843406773242845	+	BMAL1_f1	ARNTL	Unknown	CGACCACGTGCACA
scramble_highGC-1_scramble	scramble_highGC-1_scramble	TFBS	TFBS	98	111	8.024052592683077	0.8004055469215836	-	BMAL1_f1	ARNTL	Unknown	GGTCCACGCGAGCA
scramble_highGC-2_scramble	scramble_highGC-2_scramble	TFBS	TFBS	121	134	10.985471861273695	0.8443916163365441	-	BMAL1_f1	ARNTL	Unknown	CGGTCCCGTGCTCC
scramble_highGC-18_scramble	scramble_highGC-18_scramble	TFBS	TFBS	9	22	9.628778348225651	0.824240597643349	-	BMAL1_f1	ARNTL	Unknown	GGGCCAGGTGCGCC
scramble_highGC-25_scramble	scramble_highGC-25_scramble	TFBS	TFBS	38	51	9.628778348225673	0.8242405976433492	+	BMAL1_f1	ARNTL	Unknown	GTGCCACGCGCCCC
scramble_11_scramble	scramble_11_scramble	TFBS	TFBS	33	46	11.19088473917396	0.8474426213738511	+	BMAL1_f1	ARNTL	Unknown	GCGTCACGTATACT
scramble_31_scramble	scramble_31_scramble	TFBS	TFBS	56	69	11.689684174392475	0.8548513077474311	+	BMAL1_f1	ARNTL	Unknown	TGCCCACGTGCCCA
scramble_31_scramble	scramble_31_scramble	TFBS	TFBS	64	77	8.325741941045877	0.8048865499188916	+	BMAL1_f1	ARNTL	Unknown	TGCCCACGTAACCC
scramble_31_scramble	scramble_31_scramble	TFBS	TFBS	64	77	8.633761755739911	0.8094615795656607	-	BMAL1_f1	ARNTL	Unknown	GGGTTACGTGGGCA
scramble_38_scramble	scramble_38_scramble	TFBS	TFBS	91	104	8.451763921997014	0.8067583590412	+	BMAL1_f1	ARNTL	Unknown	GAGACACCTGACCA
scramble_38_scramble	scramble_38_scramble	TFBS	TFBS	91	104	8.319136691770332	0.8047884419082433	-	BMAL1_f1	ARNTL	Unknown	TGGTCAGGTGTCTC
scramble_141_scramble	scramble_141_scramble	TFBS	TFBS	33	46	9.280344208773265	0.8190652925431736	+	BMAL1_f1	ARNTL	Unknown	CGCTCGCGTGTCCG
