snp	cell_type	gene	loop
rs10402978	ov	OR7A17	FALSE
rs10411921	airway	GPATCH1	FALSE
rs10411921	ast	GPATCH1	FALSE
rs10411921	colon	GPATCH1	FALSE
rs10411921	endo	GPATCH1	FALSE
rs10411921	eso	GPATCH1	FALSE
rs10411921	hmec	GPATCH1	FALSE
rs10411921	kc	GPATCH1	FALSE
rs10411921	ov	GPATCH1	FALSE
rs10411921	panc	GPATCH1	FALSE
rs10411921	pros	GPATCH1	FALSE
rs10411921	renal	GPATCH1	FALSE
rs10411921	thy	GPATCH1	FALSE
rs10419742	ast	NR2F6	FALSE
rs10419742	colon	NR2F6	FALSE
rs10419742	endo	NR2F6	FALSE
rs10419742	eso	NR2F6	FALSE
rs10419742	gm	NR2F6	FALSE
rs10419742	mc	NR2F6	FALSE
rs10419742	ov	NR2F6	FALSE
rs10419742	panc	NR2F6	FALSE
rs10419742	pros	NR2F6	FALSE
rs10419742	renal	NR2F6	FALSE
rs10419742	thy	NR2F6	FALSE
rs10421287	ast	NR2F6	FALSE
rs10421287	colon	NR2F6	FALSE
rs10421287	endo	NR2F6	FALSE
rs10421287	eso	NR2F6	FALSE
rs10421287	gm	NR2F6	FALSE
rs10421287	mc	NR2F6	FALSE
rs10421287	ov	NR2F6	FALSE
rs10421287	panc	NR2F6	FALSE
rs10421287	pros	NR2F6	FALSE
rs10421287	renal	NR2F6	FALSE
rs10421287	thy	NR2F6	FALSE
rs10422819	endo	CILP2;YJEFN3	FALSE
rs10422819	hmec	CILP2;YJEFN3	FALSE
rs10422819	kc	CILP2;YJEFN3	FALSE
rs10422819	pros	CILP2;YJEFN3	FALSE
rs10422819	renal	CILP2;YJEFN3	FALSE
rs10424198	colon	ABHD8	FALSE
rs10424198	endo	ABHD8	FALSE
rs10424198	eso	ABHD8	FALSE
rs10424198	gm	ABHD8	FALSE
rs10424198	hmec	ABHD8	FALSE
rs10424198	kc	ABHD8	FALSE
rs10424198	panc	ABHD8	FALSE
rs10424198	renal	ABHD8	FALSE
rs10424198	thy	ABHD8	FALSE
rs10424978	mc	TICAM1	FALSE
rs10424978	thy	TICAM1	FALSE
rs10459592	kc	DQ588654;DQ598506;MIR4713	FALSE
rs1071888	airway	ASCC2	FALSE
rs1071888	ast	ASCC2	FALSE
rs1071888	colon	ASCC2	FALSE
rs1071888	endo	ASCC2	FALSE
rs1071888	eso	ASCC2	FALSE
rs1071888	hmec	ASCC2	FALSE
rs1071888	kc	ASCC2	FALSE
rs1071888	ov	ASCC2	FALSE
rs1071888	panc	ASCC2	FALSE
rs1071888	pros	ASCC2	FALSE
rs1071888	renal	ASCC2	FALSE
rs10789841	ast	SIK2	FALSE
rs10789841	colon	SIK2	FALSE
rs10789841	endo	SIK2	FALSE
rs10789841	eso	SIK2	FALSE
rs10789841	gm	SIK2	FALSE
rs10789841	hmec	SIK2	FALSE
rs10789841	kc	SIK2	FALSE
rs10789841	ov	SIK2	FALSE
rs10789841	panc	SIK2	FALSE
rs10789841	pros	SIK2	FALSE
rs10789841	renal	SIK2	FALSE
rs10789841	thy	SIK2	FALSE
rs10851499	kc	DQ588654;DQ598506;MIR4713	FALSE
rs11041476	gm	MIR4298	FALSE
rs11041487	gm	MIR4298	FALSE
rs1104542	colon	MPZL3	FALSE
rs1104542	endo	MPZL3	FALSE
rs1104542	kc	MPZL3	FALSE
rs1104542	ov	MPZL3	FALSE
rs1104542	panc	MPZL3	FALSE
rs1104542	pros	MPZL3	FALSE
rs1104542	renal	MPZL3	FALSE
rs1104542	thy	MPZL3	FALSE
rs1105292	airway	PRC1-AS1;RCCD1	FALSE
rs1105292	ast	PRC1-AS1;RCCD1	FALSE
rs1105292	colon	PRC1-AS1;RCCD1	FALSE
rs1105292	endo	PRC1-AS1;RCCD1	FALSE
rs1105292	eso	PRC1-AS1;RCCD1	FALSE
rs1105292	gm	PRC1-AS1;RCCD1	FALSE
rs1105292	hmec	PRC1-AS1;RCCD1	FALSE
rs1105292	kc	PRC1-AS1;RCCD1	FALSE
rs1105292	mc	PRC1-AS1;RCCD1	FALSE
rs1105292	ov	PRC1-AS1;RCCD1	FALSE
rs1105292	panc	PRC1-AS1;RCCD1	FALSE
rs1105292	pros	PRC1-AS1;RCCD1	FALSE
rs1105292	renal	PRC1-AS1;RCCD1	FALSE
rs1105292	thy	PRC1-AS1;RCCD1	FALSE
rs11078925	endo	IKZF3;ZPBP2	FALSE
rs11078925	gm	IKZF3;ZPBP2	FALSE
rs11078925	pros	IKZF3;ZPBP2	FALSE
rs11159110	airway	RPS6KL1	FALSE
rs11159110	colon	RPS6KL1	FALSE
rs11159110	endo	RPS6KL1	FALSE
rs11159110	kc	RPS6KL1	FALSE
rs11159110	mc	RPS6KL1	FALSE
rs11159110	ov	RPS6KL1	FALSE
rs11159110	panc	RPS6KL1	FALSE
rs11159110	pros	RPS6KL1	FALSE
rs11159110	renal	RPS6KL1	FALSE
rs111730030	colon	IER2;STX10	FALSE
rs111730030	endo	IER2;STX10	FALSE
rs111730030	eso	IER2;STX10	FALSE
rs111730030	kc	IER2;STX10	FALSE
rs111730030	ov	IER2;STX10	FALSE
rs111730030	panc	IER2;STX10	FALSE
rs111730030	renal	IER2;STX10	FALSE
rs111730030	thy	IER2;STX10	FALSE
rs112409771	colon	MIR196A1	FALSE
rs112409771	endo	MIR196A1	FALSE
rs112409771	eso	MIR196A1	FALSE
rs112409771	ov	MIR196A1	FALSE
rs112409771	panc	MIR196A1	FALSE
rs112409771	renal	MIR196A1	FALSE
rs112409771	thy	MIR196A1	FALSE
rs112528011	endo	OCEL1	FALSE
rs112528011	eso	OCEL1	FALSE
rs112528011	gm	OCEL1	FALSE
rs112528011	hmec	OCEL1	FALSE
rs112528011	ov	OCEL1	FALSE
rs112528011	thy	OCEL1	FALSE
rs11410085	endo	RHBDF1	FALSE
rs11598549	ast	CTBP2	FALSE
rs11598549	mc	CTBP2	FALSE
rs11611584	colon	KRT5	FALSE
rs11611584	endo	KRT5	FALSE
rs11611584	eso	KRT5	FALSE
rs11611584	hmec	KRT5	FALSE
rs11611584	kc	KRT5	FALSE
rs11611584	pros	KRT5	FALSE
rs11611584	thy	KRT5	FALSE
rs11646266	endo	RHBDF1	FALSE
rs11649211	ast	DEF8	FALSE
rs11649211	colon	DEF8	FALSE
rs11649211	endo	DEF8	FALSE
rs11649211	eso	DEF8	FALSE
rs11649211	gm	DEF8	FALSE
rs11649211	hmec	DEF8	FALSE
rs11649211	kc	DEF8	FALSE
rs11649211	mc	DEF8	FALSE
rs11649211	ov	DEF8	FALSE
rs11649211	panc	DEF8	FALSE
rs11649211	pros	DEF8	FALSE
rs11649211	thy	DEF8	FALSE
rs11668309	colon	TMEM150B	FALSE
rs11668309	kc	TMEM150B	FALSE
rs11668344	colon	TMEM150B	FALSE
rs11668344	kc	TMEM150B	FALSE
rs1169151	colon	PTCSC3	FALSE
rs1169151	endo	PTCSC3	FALSE
rs11704416	endo	TNRC6B	FALSE
rs11704416	pros	TNRC6B	FALSE
rs11704416	renal	TNRC6B	FALSE
rs11871463	ast	TUBG2	FALSE
rs11871463	colon	TUBG2	FALSE
rs11871463	endo	TUBG2	FALSE
rs11871463	eso	TUBG2	FALSE
rs11871463	gm	TUBG2	FALSE
rs11871463	kc	TUBG2	FALSE
rs11871463	mc	TUBG2	FALSE
rs11871463	ov	TUBG2	FALSE
rs11871463	pros	TUBG2	FALSE
rs11871463	renal	TUBG2	FALSE
rs11871463	thy	TUBG2	FALSE
rs11908473	airway	RPS21	FALSE
rs11908473	ast	RPS21	FALSE
rs11908473	colon	RPS21	FALSE
rs11908473	endo	RPS21	FALSE
rs11908473	eso	RPS21	FALSE
rs11908473	kc	RPS21	FALSE
rs11908473	ov	RPS21	FALSE
rs11908473	panc	RPS21	FALSE
rs11908473	pros	RPS21	FALSE
rs11908473	renal	RPS21	FALSE
rs11908473	thy	RPS21	FALSE
rs12253527	ast	MLLT10;SKIDA1	FALSE
rs12253527	colon	MLLT10;SKIDA1	FALSE
rs12419178	endo	SIDT2	FALSE
rs12419178	eso	SIDT2	FALSE
rs12419178	panc	SIDT2	FALSE
rs12419178	pros	SIDT2	FALSE
rs12419178	thy	SIDT2	FALSE
rs12435338	colon	TEX21P	FALSE
rs12435338	eso	TEX21P	FALSE
rs12435338	gm	TEX21P	FALSE
rs12435338	ov	TEX21P	FALSE
rs12435338	panc	TEX21P	FALSE
rs12435338	pros	TEX21P	FALSE
rs12435338	renal	TEX21P	FALSE
rs12435338	thy	TEX21P	FALSE
rs12437988	gm	ARID3B	FALSE
rs12437988	pros	ARID3B	FALSE
rs1244181	colon	BC036297;GATA3;GATA3-AS1	FALSE
rs1244181	ov	BC036297;GATA3;GATA3-AS1	FALSE
rs12450136	airway	PSMC3IP	FALSE
rs12450136	colon	PSMC3IP	FALSE
rs12450136	endo	PSMC3IP	FALSE
rs12450136	eso	PSMC3IP	FALSE
rs12450136	gm	PSMC3IP	FALSE
rs12450136	kc	PSMC3IP	FALSE
rs12450136	mc	PSMC3IP	FALSE
rs12450136	ov	PSMC3IP	FALSE
rs12450136	panc	PSMC3IP	FALSE
rs12450136	pros	PSMC3IP	FALSE
rs12450136	renal	PSMC3IP	FALSE
rs12450136	thy	PSMC3IP	FALSE
rs1253045	ast	MASTL;YME1L1	FALSE
rs1253045	endo	MASTL;YME1L1	FALSE
rs1253045	thy	MASTL;YME1L1	FALSE
rs12593950	colon	AX748237	FALSE
rs12593950	endo	AX748237	FALSE
rs12593950	gm	AX748237	FALSE
rs12593950	hmec	AX748237	FALSE
rs12593950	kc	AX748237	FALSE
rs12593950	pros	AX748237	FALSE
rs12593950	renal	AX748237	FALSE
rs12600469	airway	PLEKHH3	FALSE
rs12600469	ast	PLEKHH3	FALSE
rs12600469	colon	PLEKHH3	FALSE
rs12600469	endo	PLEKHH3	FALSE
rs12600469	eso	PLEKHH3	FALSE
rs12600469	gm	PLEKHH3	FALSE
rs12600469	hmec	PLEKHH3	FALSE
rs12600469	kc	PLEKHH3	FALSE
rs12600469	mc	PLEKHH3	FALSE
rs12600469	ov	PLEKHH3	FALSE
rs12600469	panc	PLEKHH3	FALSE
rs12600469	pros	PLEKHH3	FALSE
rs12600469	renal	PLEKHH3	FALSE
rs12600469	thy	PLEKHH3	FALSE
rs12602084	colon	BC043620;MLX	FALSE
rs12602084	endo	BC043620;MLX	FALSE
rs12602084	eso	BC043620;MLX	FALSE
rs12602084	gm	BC043620;MLX	FALSE
rs12602084	kc	BC043620;MLX	FALSE
rs12602084	ov	BC043620;MLX	FALSE
rs12602084	panc	BC043620;MLX	FALSE
rs12602084	renal	BC043620;MLX	FALSE
rs12602084	thy	BC043620;MLX	FALSE
rs12709365	endo	IKZF3;ZPBP2	FALSE
rs12709365	gm	IKZF3;ZPBP2	FALSE
rs12709365	pros	IKZF3;ZPBP2	FALSE
rs12857052	endo	SUGT1P3	FALSE
rs12857052	ov	SUGT1P3	FALSE
rs12857052	panc	SUGT1P3	FALSE
rs12857052	renal	SUGT1P3	FALSE
rs12889167	airway	AF401214	FALSE
rs12889167	ast	AF401214	FALSE
rs12889167	colon	AF401214	FALSE
rs12889167	endo	AF401214	FALSE
rs12889167	eso	AF401214	FALSE
rs12889167	hmec	AF401214	FALSE
rs12889167	kc	AF401214	FALSE
rs12889167	mc	AF401214	FALSE
rs12889167	ov	AF401214	FALSE
rs12889167	panc	AF401214	FALSE
rs12889167	pros	AF401214	FALSE
rs12889167	renal	AF401214	FALSE
rs12889167	thy	AF401214	FALSE
rs12899068	kc	DQ588654;DQ598506;MIR4713	FALSE
rs12936231	endo	IKZF3;ZPBP2	FALSE
rs12936231	gm	IKZF3;ZPBP2	FALSE
rs12936231	pros	IKZF3;ZPBP2	FALSE
rs12943352	ast	TUBG2	FALSE
rs12943352	colon	TUBG2	FALSE
rs12943352	endo	TUBG2	FALSE
rs12943352	eso	TUBG2	FALSE
rs12943352	gm	TUBG2	FALSE
rs12943352	kc	TUBG2	FALSE
rs12943352	mc	TUBG2	FALSE
rs12943352	ov	TUBG2	FALSE
rs12943352	pros	TUBG2	FALSE
rs12943352	renal	TUBG2	FALSE
rs12943352	thy	TUBG2	FALSE
rs12963143	renal	TRNA_Glu	FALSE
rs12981981	kc	ELL	FALSE
rs12981981	ov	ELL	FALSE
rs140494697	endo	DRG2	FALSE
rs140683487	colon	ORMDL3	FALSE
rs140683487	endo	ORMDL3	FALSE
rs140683487	gm	ORMDL3	FALSE
rs140683487	kc	ORMDL3	FALSE
rs140683487	panc	ORMDL3	FALSE
rs142471995	endo	PDXK	FALSE
rs142471995	kc	PDXK	FALSE
rs143282453	colon	C15orf27	FALSE
rs143282453	endo	C15orf27	FALSE
rs143282453	ov	C15orf27	FALSE
rs145624734	airway	MKL1	FALSE
rs145624734	ast	MKL1	FALSE
rs145624734	colon	MKL1	FALSE
rs145624734	endo	MKL1	FALSE
rs145624734	eso	MKL1	FALSE
rs145624734	gm	MKL1	FALSE
rs145624734	hmec	MKL1	FALSE
rs145624734	kc	MKL1	FALSE
rs145624734	mc	MKL1	FALSE
rs145624734	ov	MKL1	FALSE
rs145624734	panc	MKL1	FALSE
rs145624734	pros	MKL1	FALSE
rs145624734	renal	MKL1	FALSE
rs145975161	endo	TRNA_Gln	FALSE
rs145975161	gm	TRNA_Gln	FALSE
rs145975161	hmec	TRNA_Gln	FALSE
rs145975161	ov	TRNA_Gln	FALSE
rs145975161	pros	TRNA_Gln	FALSE
rs148428202	ast	BC042385	FALSE
rs148428202	endo	BC042385	FALSE
rs148428202	hmec	BC042385	FALSE
rs149959208	ast	AX748237	FALSE
rs149959208	colon	AX748237	FALSE
rs149959208	endo	AX748237	FALSE
rs149959208	hmec	AX748237	FALSE
rs149959208	kc	AX748237	FALSE
rs149959208	mc	AX748237	FALSE
rs149959208	ov	AX748237	FALSE
rs149959208	pros	AX748237	FALSE
rs149959208	thy	AX748237	FALSE
rs150604623	endo	LOC643037	FALSE
rs150604623	renal	LOC643037	FALSE
rs1531212	colon	FW420894;hsa-miR-3074-5p;LOC284454	FALSE
rs1531212	endo	FW420894;hsa-miR-3074-5p;LOC284454	FALSE
rs1531212	eso	FW420894;hsa-miR-3074-5p;LOC284454	FALSE
rs1531212	gm	FW420894;hsa-miR-3074-5p;LOC284454	FALSE
rs1531212	kc	FW420894;hsa-miR-3074-5p;LOC284454	FALSE
rs1531212	ov	FW420894;hsa-miR-3074-5p;LOC284454	FALSE
rs1531212	panc	FW420894;hsa-miR-3074-5p;LOC284454	FALSE
rs1531212	pros	FW420894;hsa-miR-3074-5p;LOC284454	FALSE
rs1531212	renal	FW420894;hsa-miR-3074-5p;LOC284454	FALSE
rs1531212	thy	FW420894;hsa-miR-3074-5p;LOC284454	FALSE
rs1541499	colon	TCF3	FALSE
rs1541499	endo	TCF3	FALSE
rs1541499	eso	TCF3	FALSE
rs1541499	gm	TCF3	FALSE
rs1541499	kc	TCF3	FALSE
rs1541499	ov	TCF3	FALSE
rs1541499	panc	TCF3	FALSE
rs1541499	pros	TCF3	FALSE
rs1541499	renal	TCF3	FALSE
rs1541499	thy	TCF3	FALSE
rs1543158	eso	NAGLU	FALSE
rs1543158	ov	NAGLU	FALSE
rs1543158	panc	NAGLU	FALSE
rs1543158	pros	NAGLU	FALSE
rs1619652	ast	SIK2	FALSE
rs1619652	colon	SIK2	FALSE
rs1619652	endo	SIK2	FALSE
rs1619652	eso	SIK2	FALSE
rs1619652	gm	SIK2	FALSE
rs1619652	hmec	SIK2	FALSE
rs1619652	kc	SIK2	FALSE
rs1619652	ov	SIK2	FALSE
rs1619652	panc	SIK2	FALSE
rs1619652	pros	SIK2	FALSE
rs1619652	renal	SIK2	FALSE
rs1619652	thy	SIK2	FALSE
rs17092740	colon	MPZL3	FALSE
rs17092740	endo	MPZL3	FALSE
rs17092740	gm	MPZL3	FALSE
rs17092740	hmec	MPZL3	FALSE
rs17092740	kc	MPZL3	FALSE
rs17092740	ov	MPZL3	FALSE
rs17092740	pros	MPZL3	FALSE
rs17092740	renal	MPZL3	FALSE
rs17092740	thy	MPZL3	FALSE
rs1741708	colon	LIME1	FALSE
rs1741708	eso	LIME1	FALSE
rs1741708	gm	LIME1	FALSE
rs1741708	hmec	LIME1	FALSE
rs1741708	ov	LIME1	FALSE
rs1741708	panc	LIME1	FALSE
rs1741708	renal	LIME1	FALSE
rs1741708	thy	LIME1	FALSE
rs174533	colon	BC020196	FALSE
rs174533	eso	BC020196	FALSE
rs174533	ov	BC020196	FALSE
rs174533	panc	BC020196	FALSE
rs174533	renal	BC020196	FALSE
rs174562	colon	FADS1;MIR1908	FALSE
rs174562	eso	FADS1;MIR1908	FALSE
rs174576	colon	FADS2	FALSE
rs174576	gm	FADS2	FALSE
rs174576	ov	FADS2	FALSE
rs174576	thy	FADS2	FALSE
rs1784777	ast	SIK2	FALSE
rs1784777	colon	SIK2	FALSE
rs1784777	endo	SIK2	FALSE
rs1784777	eso	SIK2	FALSE
rs1784777	gm	SIK2	FALSE
rs1784777	hmec	SIK2	FALSE
rs1784777	kc	SIK2	FALSE
rs1784777	ov	SIK2	FALSE
rs1784777	panc	SIK2	FALSE
rs1784777	pros	SIK2	FALSE
rs1784777	renal	SIK2	FALSE
rs1784777	thy	SIK2	FALSE
rs1784778	ast	SIK2	FALSE
rs1784778	colon	SIK2	FALSE
rs1784778	endo	SIK2	FALSE
rs1784778	eso	SIK2	FALSE
rs1784778	gm	SIK2	FALSE
rs1784778	hmec	SIK2	FALSE
rs1784778	kc	SIK2	FALSE
rs1784778	ov	SIK2	FALSE
rs1784778	panc	SIK2	FALSE
rs1784778	pros	SIK2	FALSE
rs1784778	renal	SIK2	FALSE
rs1784778	thy	SIK2	FALSE
rs182174617	airway	LOC147093	FALSE
rs182174617	ast	LOC147093	FALSE
rs182174617	colon	LOC147093	FALSE
rs182174617	endo	LOC147093	FALSE
rs182174617	eso	LOC147093	FALSE
rs182174617	hmec	LOC147093	FALSE
rs182174617	kc	LOC147093	FALSE
rs182174617	mc	LOC147093	FALSE
rs182174617	ov	LOC147093	FALSE
rs182174617	panc	LOC147093	FALSE
rs182174617	pros	LOC147093	FALSE
rs182174617	renal	LOC147093	FALSE
rs182174617	thy	LOC147093	FALSE
rs1834854	colon	PTCSC3	FALSE
rs1834854	endo	PTCSC3	FALSE
rs1834855	colon	PTCSC3	FALSE
rs1834855	endo	PTCSC3	FALSE
rs1869258	thy	MAP1A	FALSE
rs1973765	colon	LSP1	FALSE
rs1973765	eso	LSP1	FALSE
rs1973765	kc	LSP1	FALSE
rs1973765	ov	LSP1	FALSE
rs1973765	panc	LSP1	FALSE
rs1973765	thy	LSP1	FALSE
rs199517840	endo	OR52K1	FALSE
rs199517840	kc	OR52K1	FALSE
rs199517840	pros	OR52K1	FALSE
rs199711710	colon	COASY;HSD17B1	FALSE
rs199711710	eso	COASY;HSD17B1	FALSE
rs199711710	gm	COASY;HSD17B1	FALSE
rs199711710	hmec	COASY;HSD17B1	FALSE
rs199711710	kc	COASY;HSD17B1	FALSE
rs199711710	ov	COASY;HSD17B1	FALSE
rs199711710	panc	COASY;HSD17B1	FALSE
rs199711710	thy	COASY;HSD17B1	FALSE
rs1998475	ast	GPR183	FALSE
rs1998475	endo	GPR183	FALSE
rs1998475	gm	GPR183	FALSE
rs1998475	mc	GPR183	FALSE
rs1998475	renal	GPR183	FALSE
rs200015871	colon	IER2;STX10	FALSE
rs200015871	endo	IER2;STX10	FALSE
rs200015871	eso	IER2;STX10	FALSE
rs200015871	kc	IER2;STX10	FALSE
rs200015871	ov	IER2;STX10	FALSE
rs200015871	panc	IER2;STX10	FALSE
rs200015871	renal	IER2;STX10	FALSE
rs200015871	thy	IER2;STX10	FALSE
rs200306858	endo	IKZF3;ZPBP2	FALSE
rs200306858	gm	IKZF3;ZPBP2	FALSE
rs200306858	pros	IKZF3;ZPBP2	FALSE
rs200390831	endo	TNRC6B	FALSE
rs200390831	pros	TNRC6B	FALSE
rs200390831	renal	TNRC6B	FALSE
rs2010750	ov	COASY;MLX;PSMC3IP	FALSE
rs2071067	ast	RRPL13L;SPSB2	FALSE
rs2071067	colon	RRPL13L;SPSB2	FALSE
rs2071067	endo	RRPL13L;SPSB2	FALSE
rs2071067	eso	RRPL13L;SPSB2	FALSE
rs2071067	gm	RRPL13L;SPSB2	FALSE
rs2071067	hmec	RRPL13L;SPSB2	FALSE
rs2071067	kc	RRPL13L;SPSB2	FALSE
rs2071067	ov	RRPL13L;SPSB2	FALSE
rs2071067	panc	RRPL13L;SPSB2	FALSE
rs2071067	pros	RRPL13L;SPSB2	FALSE
rs2071067	renal	RRPL13L;SPSB2	FALSE
rs2071067	thy	RRPL13L;SPSB2	FALSE
rs2075554	airway	COL1A1;HV555657	FALSE
rs2075554	ast	COL1A1;HV555657	FALSE
rs2075554	colon	COL1A1;HV555657	FALSE
rs2075554	endo	COL1A1;HV555657	FALSE
rs2075554	eso	COL1A1;HV555657	FALSE
rs2075554	gm	COL1A1;HV555657	FALSE
rs2075554	hmec	COL1A1;HV555657	FALSE
rs2075554	kc	COL1A1;HV555657	FALSE
rs2075554	mc	COL1A1;HV555657	FALSE
rs2075554	ov	COL1A1;HV555657	FALSE
rs2075554	panc	COL1A1;HV555657	FALSE
rs2075554	pros	COL1A1;HV555657	FALSE
rs2075554	renal	COL1A1;HV555657	FALSE
rs2075554	thy	COL1A1;HV555657	FALSE
rs2105870	airway	ASCC2	FALSE
rs2105870	ast	ASCC2	FALSE
rs2105870	colon	ASCC2	FALSE
rs2105870	endo	ASCC2	FALSE
rs2105870	eso	ASCC2	FALSE
rs2105870	hmec	ASCC2	FALSE
rs2105870	kc	ASCC2	FALSE
rs2105870	ov	ASCC2	FALSE
rs2105870	panc	ASCC2	FALSE
rs2105870	pros	ASCC2	FALSE
rs2105870	renal	ASCC2	FALSE
rs2170317	kc	PCSK7	FALSE
rs2170317	pros	PCSK7	FALSE
rs2236507	thy	TNFRSF6B	FALSE
rs2241712	endo	B9D2	FALSE
rs2253823	colon	LIME1	FALSE
rs2253823	eso	LIME1	FALSE
rs2253823	gm	LIME1	FALSE
rs2253823	hmec	LIME1	FALSE
rs2253823	ov	LIME1	FALSE
rs2253823	panc	LIME1	FALSE
rs2253823	renal	LIME1	FALSE
rs2253823	thy	LIME1	FALSE
rs2253829	colon	LIME1	FALSE
rs2253829	eso	LIME1	FALSE
rs2253829	gm	LIME1	FALSE
rs2253829	hmec	LIME1	FALSE
rs2253829	ov	LIME1	FALSE
rs2253829	panc	LIME1	FALSE
rs2253829	renal	LIME1	FALSE
rs2253829	thy	LIME1	FALSE
rs2263788	airway	PFDN4	FALSE
rs2263788	ast	PFDN4	FALSE
rs2263788	colon	PFDN4	FALSE
rs2263788	endo	PFDN4	FALSE
rs2263788	eso	PFDN4	FALSE
rs2263788	hmec	PFDN4	FALSE
rs2263788	kc	PFDN4	FALSE
rs2263788	ov	PFDN4	FALSE
rs2263788	panc	PFDN4	FALSE
rs2263788	pros	PFDN4	FALSE
rs2263788	renal	PFDN4	FALSE
rs2263788	thy	PFDN4	FALSE
rs2269397	kc	PCSK7	FALSE
rs2269397	pros	PCSK7	FALSE
rs2269398	eso	LOC100652768;TAGLN	FALSE
rs2279844	colon	TUBG2	FALSE
rs2279844	endo	TUBG2	FALSE
rs2279844	eso	TUBG2	FALSE
rs2279844	gm	TUBG2	FALSE
rs2279844	kc	TUBG2	FALSE
rs2279844	mc	TUBG2	FALSE
rs2279844	ov	TUBG2	FALSE
rs2279844	panc	TUBG2	FALSE
rs2279844	pros	TUBG2	FALSE
rs2279844	renal	TUBG2	FALSE
rs2279844	thy	TUBG2	FALSE
rs2306471	ast	PAFAH1B2	FALSE
rs2306471	colon	PAFAH1B2	FALSE
rs2306471	endo	PAFAH1B2	FALSE
rs2306471	eso	PAFAH1B2	FALSE
rs2306471	hmec	PAFAH1B2	FALSE
rs2306471	kc	PAFAH1B2	FALSE
rs2306471	ov	PAFAH1B2	FALSE
rs2306471	panc	PAFAH1B2	FALSE
rs2306471	pros	PAFAH1B2	FALSE
rs2306471	renal	PAFAH1B2	FALSE
rs2306471	thy	PAFAH1B2	FALSE
rs2313430	airway	IKZF3	FALSE
rs2313430	ast	IKZF3	FALSE
rs2313430	colon	IKZF3	FALSE
rs2313430	endo	IKZF3	FALSE
rs2313430	gm	IKZF3	FALSE
rs2313430	hmec	IKZF3	FALSE
rs2313430	kc	IKZF3	FALSE
rs2313430	mc	IKZF3	FALSE
rs2313430	ov	IKZF3	FALSE
rs2313430	pros	IKZF3	FALSE
rs2313430	renal	IKZF3	FALSE
rs2313430	thy	IKZF3	FALSE
rs2414095	ast	Mir_584	FALSE
rs2414095	endo	Mir_584	FALSE
rs2414095	eso	Mir_584	FALSE
rs2414095	renal	Mir_584	FALSE
rs2488000	airway	OBFC1	FALSE
rs2488000	colon	OBFC1	FALSE
rs2488000	eso	OBFC1	FALSE
rs2488000	hmec	OBFC1	FALSE
rs2488000	kc	OBFC1	FALSE
rs2488000	ov	OBFC1	FALSE
rs2488000	panc	OBFC1	FALSE
rs2488000	pros	OBFC1	FALSE
rs2488000	renal	OBFC1	FALSE
rs2488000	thy	OBFC1	FALSE
rs2488001	airway	OBFC1	FALSE
rs2488001	colon	OBFC1	FALSE
rs2488001	eso	OBFC1	FALSE
rs2488001	hmec	OBFC1	FALSE
rs2488001	kc	OBFC1	FALSE
rs2488001	ov	OBFC1	FALSE
rs2488001	panc	OBFC1	FALSE
rs2488001	pros	OBFC1	FALSE
rs2488001	renal	OBFC1	FALSE
rs2488001	thy	OBFC1	FALSE
rs2498802	colon	AKT1	FALSE
rs2498802	eso	AKT1	FALSE
rs2498802	kc	AKT1	FALSE
rs2498802	mc	AKT1	FALSE
rs2498802	ov	AKT1	FALSE
rs2498802	panc	AKT1	FALSE
rs2498802	renal	AKT1	FALSE
rs2498802	thy	AKT1	FALSE
rs2498804	colon	AKT1	FALSE
rs2498804	eso	AKT1	FALSE
rs2498804	kc	AKT1	FALSE
rs2498804	mc	AKT1	FALSE
rs2498804	ov	AKT1	FALSE
rs2498804	panc	AKT1	FALSE
rs2498804	renal	AKT1	FALSE
rs2498804	thy	AKT1	FALSE
rs2524296	colon	FADS2	FALSE
rs2524296	gm	FADS2	FALSE
rs2524296	ov	FADS2	FALSE
rs2524296	thy	FADS2	FALSE
rs2525883	colon	AK311497;H19;MIR675	FALSE
rs2525883	endo	AK311497;H19;MIR675	FALSE
rs2525883	eso	AK311497;H19;MIR675	FALSE
rs2525883	gm	AK311497;H19;MIR675	FALSE
rs2525883	hmec	AK311497;H19;MIR675	FALSE
rs2525883	kc	AK311497;H19;MIR675	FALSE
rs2525883	ov	AK311497;H19;MIR675	FALSE
rs2525883	panc	AK311497;H19;MIR675	FALSE
rs2525883	pros	AK311497;H19;MIR675	FALSE
rs2525883	renal	AK311497;H19;MIR675	FALSE
rs2525883	thy	AK311497;H19;MIR675	FALSE
rs2659124	kc	KLK3	FALSE
rs2727270	colon	FADS2	FALSE
rs2727270	gm	FADS2	FALSE
rs2727270	ov	FADS2	FALSE
rs2727270	thy	FADS2	FALSE
rs2800552	colon	HSD17B7P2	FALSE
rs2800552	gm	HSD17B7P2	FALSE
rs2804639	colon	HSD17B7P2	FALSE
rs2804639	gm	HSD17B7P2	FALSE
rs2845573	colon	FADS2	FALSE
rs2845573	gm	FADS2	FALSE
rs2845573	ov	FADS2	FALSE
rs2845573	thy	FADS2	FALSE
rs2845574	colon	FADS2	FALSE
rs2845574	gm	FADS2	FALSE
rs2845574	ov	FADS2	FALSE
rs2845574	thy	FADS2	FALSE
rs28505093	colon	RHPN2	FALSE
rs28505093	ov	RHPN2	FALSE
rs28505093	renal	RHPN2	FALSE
rs28505093	thy	RHPN2	FALSE
rs28583379	gm	CSK	FALSE
rs28583379	kc	CSK	FALSE
rs28583379	pros	CSK	FALSE
rs28583379	renal	CSK	FALSE
rs28628574	thy	MAP1A	FALSE
rs28669908	ast	AX748237	FALSE
rs28669908	colon	AX748237	FALSE
rs28669908	endo	AX748237	FALSE
rs28669908	hmec	AX748237	FALSE
rs28669908	kc	AX748237	FALSE
rs28669908	mc	AX748237	FALSE
rs28669908	ov	AX748237	FALSE
rs28669908	pros	AX748237	FALSE
rs28669908	thy	AX748237	FALSE
rs2952140	airway	IKZF3	FALSE
rs2952140	ast	IKZF3	FALSE
rs2952140	colon	IKZF3	FALSE
rs2952140	endo	IKZF3	FALSE
rs2952140	gm	IKZF3	FALSE
rs2952140	hmec	IKZF3	FALSE
rs2952140	kc	IKZF3	FALSE
rs2952140	mc	IKZF3	FALSE
rs2952140	ov	IKZF3	FALSE
rs2952140	pros	IKZF3	FALSE
rs2952140	renal	IKZF3	FALSE
rs2952140	thy	IKZF3	FALSE
rs2965180	colon	GATAD2A	FALSE
rs2965180	ov	GATAD2A	FALSE
rs2965180	thy	GATAD2A	FALSE
rs3217810	colon	CCND2	FALSE
rs3217810	endo	CCND2	FALSE
rs3217810	kc	CCND2	FALSE
rs34597097	colon	FW420894;hsa-miR-3074-5p;LOC284454	FALSE
rs34597097	endo	FW420894;hsa-miR-3074-5p;LOC284454	FALSE
rs34597097	eso	FW420894;hsa-miR-3074-5p;LOC284454	FALSE
rs34597097	gm	FW420894;hsa-miR-3074-5p;LOC284454	FALSE
rs34597097	kc	FW420894;hsa-miR-3074-5p;LOC284454	FALSE
rs34597097	ov	FW420894;hsa-miR-3074-5p;LOC284454	FALSE
rs34597097	panc	FW420894;hsa-miR-3074-5p;LOC284454	FALSE
rs34597097	pros	FW420894;hsa-miR-3074-5p;LOC284454	FALSE
rs34597097	renal	FW420894;hsa-miR-3074-5p;LOC284454	FALSE
rs34597097	thy	FW420894;hsa-miR-3074-5p;LOC284454	FALSE
rs35045238	ast	C11orf93	FALSE
rs35045238	endo	C11orf93	FALSE
rs35045238	gm	C11orf93	FALSE
rs35045238	pros	C11orf93	FALSE
rs35441744	ast	TUBG2	FALSE
rs35441744	colon	TUBG2	FALSE
rs35441744	endo	TUBG2	FALSE
rs35441744	eso	TUBG2	FALSE
rs35441744	gm	TUBG2	FALSE
rs35441744	kc	TUBG2	FALSE
rs35441744	mc	TUBG2	FALSE
rs35441744	ov	TUBG2	FALSE
rs35441744	pros	TUBG2	FALSE
rs35441744	renal	TUBG2	FALSE
rs35441744	thy	TUBG2	FALSE
rs35603048	airway	BMF	FALSE
rs35603048	ast	BMF	FALSE
rs35603048	colon	BMF	FALSE
rs35603048	endo	BMF	FALSE
rs35603048	eso	BMF	FALSE
rs35603048	gm	BMF	FALSE
rs35603048	hmec	BMF	FALSE
rs35603048	kc	BMF	FALSE
rs35603048	mc	BMF	FALSE
rs35603048	ov	BMF	FALSE
rs35603048	panc	BMF	FALSE
rs35603048	pros	BMF	FALSE
rs35603048	renal	BMF	FALSE
rs35603048	thy	BMF	FALSE
rs35733365	ast	TUBG2	FALSE
rs35733365	colon	TUBG2	FALSE
rs35733365	endo	TUBG2	FALSE
rs35733365	eso	TUBG2	FALSE
rs35733365	gm	TUBG2	FALSE
rs35733365	kc	TUBG2	FALSE
rs35733365	mc	TUBG2	FALSE
rs35733365	ov	TUBG2	FALSE
rs35733365	pros	TUBG2	FALSE
rs35733365	renal	TUBG2	FALSE
rs35733365	thy	TUBG2	FALSE
rs36108420	colon	CCR10;CNTNAP1	FALSE
rs36108420	eso	CCR10;CNTNAP1	FALSE
rs36108420	gm	CCR10;CNTNAP1	FALSE
rs36108420	kc	CCR10;CNTNAP1	FALSE
rs36108420	mc	CCR10;CNTNAP1	FALSE
rs36108420	ov	CCR10;CNTNAP1	FALSE
rs36108420	panc	CCR10;CNTNAP1	FALSE
rs36108420	thy	CCR10;CNTNAP1	FALSE
rs3752948	airway	OBFC1	FALSE
rs3752948	colon	OBFC1	FALSE
rs3752948	eso	OBFC1	FALSE
rs3752948	hmec	OBFC1	FALSE
rs3752948	kc	OBFC1	FALSE
rs3752948	ov	OBFC1	FALSE
rs3752948	panc	OBFC1	FALSE
rs3752948	pros	OBFC1	FALSE
rs3752948	renal	OBFC1	FALSE
rs3752948	thy	OBFC1	FALSE
rs3752949	airway	OBFC1	FALSE
rs3752949	colon	OBFC1	FALSE
rs3752949	eso	OBFC1	FALSE
rs3752949	hmec	OBFC1	FALSE
rs3752949	kc	OBFC1	FALSE
rs3752949	ov	OBFC1	FALSE
rs3752949	panc	OBFC1	FALSE
rs3752949	pros	OBFC1	FALSE
rs3752949	renal	OBFC1	FALSE
rs3752949	thy	OBFC1	FALSE
rs3758404	ast	MASTL;YME1L1	FALSE
rs3758404	endo	MASTL;YME1L1	FALSE
rs3758404	thy	MASTL;YME1L1	FALSE
rs376397	kc	BC036297;GATA3;GATA3-AS1	FALSE
rs3783357	colon	AK123878	FALSE
rs3802840	ast	C11orf93	FALSE
rs3802840	endo	C11orf93	FALSE
rs3802840	gm	C11orf93	FALSE
rs3802840	pros	C11orf93	FALSE
rs3809776	endo	HOXB8;HOXB9	FALSE
rs3817331	colon	TUBG2	FALSE
rs3817331	endo	TUBG2	FALSE
rs3817331	eso	TUBG2	FALSE
rs3817331	gm	TUBG2	FALSE
rs3817331	kc	TUBG2	FALSE
rs3817331	mc	TUBG2	FALSE
rs3817331	ov	TUBG2	FALSE
rs3817331	panc	TUBG2	FALSE
rs3817331	pros	TUBG2	FALSE
rs3817331	renal	TUBG2	FALSE
rs3817331	thy	TUBG2	FALSE
rs3885907	airway	ALOX5AP	FALSE
rs3885907	ast	ALOX5AP	FALSE
rs3885907	colon	ALOX5AP	FALSE
rs3885907	endo	ALOX5AP	FALSE
rs3885907	eso	ALOX5AP	FALSE
rs3885907	gm	ALOX5AP	FALSE
rs3885907	hmec	ALOX5AP	FALSE
rs3885907	kc	ALOX5AP	FALSE
rs3885907	ov	ALOX5AP	FALSE
rs3885907	panc	ALOX5AP	FALSE
rs3885907	pros	ALOX5AP	FALSE
rs3885907	renal	ALOX5AP	FALSE
rs3885907	thy	ALOX5AP	FALSE
rs4243084	ast	AX748237	FALSE
rs4243084	colon	AX748237	FALSE
rs4243084	endo	AX748237	FALSE
rs4243084	hmec	AX748237	FALSE
rs4243084	kc	AX748237	FALSE
rs4243084	mc	AX748237	FALSE
rs4243084	ov	AX748237	FALSE
rs4243084	pros	AX748237	FALSE
rs4243084	thy	AX748237	FALSE
rs4315013	pros	MSMB	FALSE
rs444762	kc	BC036297;GATA3;GATA3-AS1	FALSE
rs4450360	ast	AK093758	FALSE
rs4450360	colon	AK093758	FALSE
rs4450360	endo	AK093758	FALSE
rs4450360	eso	AK093758	FALSE
rs4450360	hmec	AK093758	FALSE
rs4450360	kc	AK093758	FALSE
rs4450360	mc	AK093758	FALSE
rs4450360	ov	AK093758	FALSE
rs4450360	panc	AK093758	FALSE
rs4450360	pros	AK093758	FALSE
rs4450360	renal	AK093758	FALSE
rs4450360	thy	AK093758	FALSE
rs4512771	pros	MSMB	FALSE
rs4520624	ast	C11orf93	FALSE
rs4520624	endo	C11orf93	FALSE
rs4520624	gm	C11orf93	FALSE
rs4520624	pros	C11orf93	FALSE
rs4608113	ast	C11orf93	FALSE
rs4608113	endo	C11orf93	FALSE
rs4608113	gm	C11orf93	FALSE
rs4608113	pros	C11orf93	FALSE
rs4630243	pros	MSMB	FALSE
rs4631830	pros	MSMB	FALSE
rs4766578	gm	ATXN2	FALSE
rs477771	kc	BC036297;GATA3;GATA3-AS1	FALSE
rs4792929	ast	TUBG2	FALSE
rs4792929	colon	TUBG2	FALSE
rs4792929	endo	TUBG2	FALSE
rs4792929	eso	TUBG2	FALSE
rs4792929	gm	TUBG2	FALSE
rs4792929	kc	TUBG2	FALSE
rs4792929	mc	TUBG2	FALSE
rs4792929	ov	TUBG2	FALSE
rs4792929	pros	TUBG2	FALSE
rs4792929	renal	TUBG2	FALSE
rs4792929	thy	TUBG2	FALSE
rs4792930	ast	TUBG2	FALSE
rs4792930	colon	TUBG2	FALSE
rs4792930	endo	TUBG2	FALSE
rs4792930	eso	TUBG2	FALSE
rs4792930	gm	TUBG2	FALSE
rs4792930	kc	TUBG2	FALSE
rs4792930	mc	TUBG2	FALSE
rs4792930	ov	TUBG2	FALSE
rs4792930	pros	TUBG2	FALSE
rs4792930	renal	TUBG2	FALSE
rs4792930	thy	TUBG2	FALSE
rs4793098	airway	PLEKHH3	FALSE
rs4793098	ast	PLEKHH3	FALSE
rs4793098	colon	PLEKHH3	FALSE
rs4793098	endo	PLEKHH3	FALSE
rs4793098	eso	PLEKHH3	FALSE
rs4793098	gm	PLEKHH3	FALSE
rs4793098	hmec	PLEKHH3	FALSE
rs4793098	kc	PLEKHH3	FALSE
rs4793098	mc	PLEKHH3	FALSE
rs4793098	ov	PLEKHH3	FALSE
rs4793098	panc	PLEKHH3	FALSE
rs4793098	pros	PLEKHH3	FALSE
rs4793098	renal	PLEKHH3	FALSE
rs4793098	thy	PLEKHH3	FALSE
rs4793244	airway	PSMC3IP	FALSE
rs4793244	colon	PSMC3IP	FALSE
rs4793244	endo	PSMC3IP	FALSE
rs4793244	eso	PSMC3IP	FALSE
rs4793244	gm	PSMC3IP	FALSE
rs4793244	kc	PSMC3IP	FALSE
rs4793244	mc	PSMC3IP	FALSE
rs4793244	ov	PSMC3IP	FALSE
rs4793244	panc	PSMC3IP	FALSE
rs4793244	pros	PSMC3IP	FALSE
rs4793244	renal	PSMC3IP	FALSE
rs4793244	thy	PSMC3IP	FALSE
rs4794820	colon	ORMDL3	FALSE
rs4794820	endo	ORMDL3	FALSE
rs4794820	gm	ORMDL3	FALSE
rs4794820	kc	ORMDL3	FALSE
rs4794820	panc	ORMDL3	FALSE
rs4795404	colon	ORMDL3	FALSE
rs4795404	endo	ORMDL3	FALSE
rs4795404	gm	ORMDL3	FALSE
rs4795404	kc	ORMDL3	FALSE
rs4795404	panc	ORMDL3	FALSE
rs4795405	colon	ORMDL3	FALSE
rs4795405	endo	ORMDL3	FALSE
rs4795405	gm	ORMDL3	FALSE
rs4795405	kc	ORMDL3	FALSE
rs4795405	panc	ORMDL3	FALSE
rs4808076	ast	ANKLE1	FALSE
rs4808076	colon	ANKLE1	FALSE
rs4808076	endo	ANKLE1	FALSE
rs4808076	eso	ANKLE1	FALSE
rs4808076	gm	ANKLE1	FALSE
rs4808076	kc	ANKLE1	FALSE
rs4808076	mc	ANKLE1	FALSE
rs4808076	ov	ANKLE1	FALSE
rs4808076	panc	ANKLE1	FALSE
rs4808076	pros	ANKLE1	FALSE
rs4808076	renal	ANKLE1	FALSE
rs4808076	thy	ANKLE1	FALSE
rs4808611	ast	NR2F6	FALSE
rs4808611	colon	NR2F6	FALSE
rs4808611	endo	NR2F6	FALSE
rs4808611	eso	NR2F6	FALSE
rs4808611	gm	NR2F6	FALSE
rs4808611	mc	NR2F6	FALSE
rs4808611	ov	NR2F6	FALSE
rs4808611	panc	NR2F6	FALSE
rs4808611	pros	NR2F6	FALSE
rs4808611	renal	NR2F6	FALSE
rs4808611	thy	NR2F6	FALSE
rs4808615	ast	ANKLE1	FALSE
rs4808615	colon	ANKLE1	FALSE
rs4808615	endo	ANKLE1	FALSE
rs4808615	eso	ANKLE1	FALSE
rs4808615	gm	ANKLE1	FALSE
rs4808615	kc	ANKLE1	FALSE
rs4808615	mc	ANKLE1	FALSE
rs4808615	ov	ANKLE1	FALSE
rs4808615	panc	ANKLE1	FALSE
rs4808615	pros	ANKLE1	FALSE
rs4808615	renal	ANKLE1	FALSE
rs4808615	thy	ANKLE1	FALSE
rs4809221	colon	LIME1	FALSE
rs4809221	eso	LIME1	FALSE
rs4809221	gm	LIME1	FALSE
rs4809221	hmec	LIME1	FALSE
rs4809221	ov	LIME1	FALSE
rs4809221	panc	LIME1	FALSE
rs4809221	renal	LIME1	FALSE
rs4809221	thy	LIME1	FALSE
rs4820820	airway	ASCC2	FALSE
rs4820820	ast	ASCC2	FALSE
rs4820820	colon	ASCC2	FALSE
rs4820820	endo	ASCC2	FALSE
rs4820820	eso	ASCC2	FALSE
rs4820820	hmec	ASCC2	FALSE
rs4820820	kc	ASCC2	FALSE
rs4820820	ov	ASCC2	FALSE
rs4820820	panc	ASCC2	FALSE
rs4820820	pros	ASCC2	FALSE
rs4820820	renal	ASCC2	FALSE
rs4821754	eso	PLA2G6	FALSE
rs4821754	thy	PLA2G6	FALSE
rs490972	colon	CD248	FALSE
rs490972	eso	CD248	FALSE
rs490972	gm	CD248	FALSE
rs490972	mc	CD248	FALSE
rs490972	ov	CD248	FALSE
rs490972	panc	CD248	FALSE
rs490972	pros	CD248	FALSE
rs490972	renal	CD248	FALSE
rs490972	thy	CD248	FALSE
rs4919984	colon	TFF1	FALSE
rs4919984	eso	TFF1	FALSE
rs4919984	ov	TFF1	FALSE
rs4919984	panc	TFF1	FALSE
rs4919984	renal	TFF1	FALSE
rs4919984	thy	TFF1	FALSE
rs4924410	ast	SRP14;SRP14-AS1	FALSE
rs4924410	colon	SRP14;SRP14-AS1	FALSE
rs4924410	endo	SRP14;SRP14-AS1	FALSE
rs4924410	eso	SRP14;SRP14-AS1	FALSE
rs4924410	gm	SRP14;SRP14-AS1	FALSE
rs4924410	hmec	SRP14;SRP14-AS1	FALSE
rs4924410	kc	SRP14;SRP14-AS1	FALSE
rs4924410	mc	SRP14;SRP14-AS1	FALSE
rs4924410	ov	SRP14;SRP14-AS1	FALSE
rs4924410	panc	SRP14;SRP14-AS1	FALSE
rs4924410	pros	SRP14;SRP14-AS1	FALSE
rs4924410	renal	SRP14;SRP14-AS1	FALSE
rs4924410	thy	SRP14;SRP14-AS1	FALSE
rs4983544	pros	SIVA1	FALSE
rs4983546	pros	SIVA1	FALSE
rs4983550	colon	AKT1	FALSE
rs4983550	eso	AKT1	FALSE
rs4983550	kc	AKT1	FALSE
rs4983550	mc	AKT1	FALSE
rs4983550	ov	AKT1	FALSE
rs4983550	panc	AKT1	FALSE
rs4983550	renal	AKT1	FALSE
rs4983550	thy	AKT1	FALSE
rs506120	thy	MAP1A	FALSE
rs529611	ast	TP53BP1	FALSE
rs529611	kc	TP53BP1	FALSE
rs529611	ov	TP53BP1	FALSE
rs529611	renal	TP53BP1	FALSE
rs529611	thy	TP53BP1	FALSE
rs541198	ast	SIK2	FALSE
rs541198	colon	SIK2	FALSE
rs541198	endo	SIK2	FALSE
rs541198	eso	SIK2	FALSE
rs541198	gm	SIK2	FALSE
rs541198	hmec	SIK2	FALSE
rs541198	kc	SIK2	FALSE
rs541198	mc	SIK2	FALSE
rs541198	ov	SIK2	FALSE
rs541198	panc	SIK2	FALSE
rs541198	pros	SIK2	FALSE
rs541198	renal	SIK2	FALSE
rs541198	thy	SIK2	FALSE
rs545076	renal	TBX3	FALSE
rs556643	ast	SART1	FALSE
rs556643	endo	SART1	FALSE
rs556643	eso	SART1	FALSE
rs556643	gm	SART1	FALSE
rs556643	ov	SART1	FALSE
rs556643	panc	SART1	FALSE
rs556643	pros	SART1	FALSE
rs556643	renal	SART1	FALSE
rs55840650	gm	MIR4298	FALSE
rs55947366	eso	OCEL1;USE1	FALSE
rs55947366	kc	OCEL1;USE1	FALSE
rs55947366	panc	OCEL1;USE1	FALSE
rs55947366	renal	OCEL1;USE1	FALSE
rs56014530	gm	MIR4298	FALSE
rs56113850	eso	CYP2A6	FALSE
rs56113850	thy	CYP2A6	FALSE
rs565972	colon	CD248	FALSE
rs565972	eso	CD248	FALSE
rs565972	gm	CD248	FALSE
rs565972	mc	CD248	FALSE
rs565972	ov	CD248	FALSE
rs565972	panc	CD248	FALSE
rs565972	pros	CD248	FALSE
rs565972	renal	CD248	FALSE
rs565972	thy	CD248	FALSE
rs575479	colon	C11orf68;DRAP1	FALSE
rs575479	gm	C11orf68;DRAP1	FALSE
rs575479	kc	C11orf68;DRAP1	FALSE
rs57844591	ast	Mir_584	FALSE
rs57844591	colon	Mir_584	FALSE
rs57844591	endo	Mir_584	FALSE
rs57844591	eso	Mir_584	FALSE
rs57844591	hmec	Mir_584	FALSE
rs57844591	kc	Mir_584	FALSE
rs57844591	ov	Mir_584	FALSE
rs57844591	panc	Mir_584	FALSE
rs57844591	pros	Mir_584	FALSE
rs57844591	renal	Mir_584	FALSE
rs57844591	thy	Mir_584	FALSE
rs5790043	colon	SPTY2D1	FALSE
rs5790043	eso	SPTY2D1	FALSE
rs5790043	hmec	SPTY2D1	FALSE
rs5790043	kc	SPTY2D1	FALSE
rs5790043	panc	SPTY2D1	FALSE
rs5790043	thy	SPTY2D1	FALSE
rs592389	colon	COASY;HSD17B1	FALSE
rs592389	eso	COASY;HSD17B1	FALSE
rs592389	gm	COASY;HSD17B1	FALSE
rs592389	hmec	COASY;HSD17B1	FALSE
rs592389	kc	COASY;HSD17B1	FALSE
rs592389	ov	COASY;HSD17B1	FALSE
rs592389	panc	COASY;HSD17B1	FALSE
rs592389	thy	COASY;HSD17B1	FALSE
rs6001053	airway	BC127823	FALSE
rs6001053	ast	BC127823	FALSE
rs6001053	colon	BC127823	FALSE
rs6001053	endo	BC127823	FALSE
rs6001053	eso	BC127823	FALSE
rs6001053	gm	BC127823	FALSE
rs6001053	hmec	BC127823	FALSE
rs6001053	kc	BC127823	FALSE
rs6001053	mc	BC127823	FALSE
rs6001053	ov	BC127823	FALSE
rs6001053	panc	BC127823	FALSE
rs6001053	pros	BC127823	FALSE
rs6001053	renal	BC127823	FALSE
rs6001053	thy	BC127823	FALSE
rs6001728	ast	LOC100130899	FALSE
rs6001728	endo	LOC100130899	FALSE
rs6001728	eso	LOC100130899	FALSE
rs6001728	gm	LOC100130899	FALSE
rs6001728	hmec	LOC100130899	FALSE
rs6001728	kc	LOC100130899	FALSE
rs6001728	mc	LOC100130899	FALSE
rs6001728	pros	LOC100130899	FALSE
rs6001728	renal	LOC100130899	FALSE
rs6011033	thy	TNFRSF6B	FALSE
rs608061	colon	BC043620;MLX	FALSE
rs608061	endo	BC043620;MLX	FALSE
rs608061	eso	BC043620;MLX	FALSE
rs608061	gm	BC043620;MLX	FALSE
rs608061	kc	BC043620;MLX	FALSE
rs608061	ov	BC043620;MLX	FALSE
rs608061	panc	BC043620;MLX	FALSE
rs608061	renal	BC043620;MLX	FALSE
rs608061	thy	BC043620;MLX	FALSE
rs6107130	pros	LOC100134868	FALSE
rs61156132	ast	Mir_584	FALSE
rs61156132	colon	Mir_584	FALSE
rs61156132	endo	Mir_584	FALSE
rs61156132	eso	Mir_584	FALSE
rs61156132	hmec	Mir_584	FALSE
rs61156132	kc	Mir_584	FALSE
rs61156132	ov	Mir_584	FALSE
rs61156132	panc	Mir_584	FALSE
rs61156132	pros	Mir_584	FALSE
rs61156132	renal	Mir_584	FALSE
rs61156132	thy	Mir_584	FALSE
rs6122159	colon	LIME1	FALSE
rs6122159	eso	LIME1	FALSE
rs6122159	gm	LIME1	FALSE
rs6122159	hmec	LIME1	FALSE
rs6122159	ov	LIME1	FALSE
rs6122159	panc	LIME1	FALSE
rs6122159	renal	LIME1	FALSE
rs6122159	thy	LIME1	FALSE
rs6130621	colon	C20orf62	FALSE
rs6130621	endo	C20orf62	FALSE
rs6130621	eso	C20orf62	FALSE
rs6130621	kc	C20orf62	FALSE
rs6130621	ov	C20orf62	FALSE
rs6130621	panc	C20orf62	FALSE
rs6130621	pros	C20orf62	FALSE
rs6130621	renal	C20orf62	FALSE
rs6130621	thy	C20orf62	FALSE
rs6132915	pros	LOC100134868	FALSE
rs6138777	pros	LOC100134868	FALSE
rs61868760	gm	MIR4298	FALSE
rs61868761	gm	MIR4298	FALSE
rs62078362	airway	PSMC3IP	FALSE
rs62078362	colon	PSMC3IP	FALSE
rs62078362	endo	PSMC3IP	FALSE
rs62078362	eso	PSMC3IP	FALSE
rs62078362	gm	PSMC3IP	FALSE
rs62078362	kc	PSMC3IP	FALSE
rs62078362	mc	PSMC3IP	FALSE
rs62078362	ov	PSMC3IP	FALSE
rs62078362	panc	PSMC3IP	FALSE
rs62078362	pros	PSMC3IP	FALSE
rs62078362	renal	PSMC3IP	FALSE
rs62078362	thy	PSMC3IP	FALSE
rs62122064	colon	FW420894;hsa-miR-3074-5p;LOC284454	FALSE
rs62122064	endo	FW420894;hsa-miR-3074-5p;LOC284454	FALSE
rs62122064	eso	FW420894;hsa-miR-3074-5p;LOC284454	FALSE
rs62122064	gm	FW420894;hsa-miR-3074-5p;LOC284454	FALSE
rs62122064	kc	FW420894;hsa-miR-3074-5p;LOC284454	FALSE
rs62122064	ov	FW420894;hsa-miR-3074-5p;LOC284454	FALSE
rs62122064	panc	FW420894;hsa-miR-3074-5p;LOC284454	FALSE
rs62122064	pros	FW420894;hsa-miR-3074-5p;LOC284454	FALSE
rs62122064	renal	FW420894;hsa-miR-3074-5p;LOC284454	FALSE
rs62122064	thy	FW420894;hsa-miR-3074-5p;LOC284454	FALSE
rs62235635	endo	MIR3199-1;MIR3199-2;TTC28-AS1	FALSE
rs62235635	eso	MIR3199-1;MIR3199-2;TTC28-AS1	FALSE
rs62235635	hmec	MIR3199-1;MIR3199-2;TTC28-AS1	FALSE
rs62235635	panc	MIR3199-1;MIR3199-2;TTC28-AS1	FALSE
rs62235635	renal	MIR3199-1;MIR3199-2;TTC28-AS1	FALSE
rs62235635	thy	MIR3199-1;MIR3199-2;TTC28-AS1	FALSE
rs6589220	ast	C11orf93	FALSE
rs6589220	endo	C11orf93	FALSE
rs6589220	gm	C11orf93	FALSE
rs6589220	pros	C11orf93	FALSE
rs6598019	ast	ANO9;PTDSS2	FALSE
rs6598019	colon	ANO9;PTDSS2	FALSE
rs6598019	endo	ANO9;PTDSS2	FALSE
rs6598019	eso	ANO9;PTDSS2	FALSE
rs6598019	gm	ANO9;PTDSS2	FALSE
rs6598019	kc	ANO9;PTDSS2	FALSE
rs6598019	mc	ANO9;PTDSS2	FALSE
rs6598019	ov	ANO9;PTDSS2	FALSE
rs6598019	panc	ANO9;PTDSS2	FALSE
rs6598019	pros	ANO9;PTDSS2	FALSE
rs6598019	renal	ANO9;PTDSS2	FALSE
rs6598019	thy	ANO9;PTDSS2	FALSE
rs67941642	airway	RPS21	FALSE
rs67941642	ast	RPS21	FALSE
rs67941642	colon	RPS21	FALSE
rs67941642	endo	RPS21	FALSE
rs67941642	eso	RPS21	FALSE
rs67941642	kc	RPS21	FALSE
rs67941642	ov	RPS21	FALSE
rs67941642	panc	RPS21	FALSE
rs67941642	pros	RPS21	FALSE
rs67941642	renal	RPS21	FALSE
rs67941642	thy	RPS21	FALSE
rs7070301	pros	MSMB	FALSE
rs7105857	ast	C11orf93	FALSE
rs7105857	endo	C11orf93	FALSE
rs7105857	gm	C11orf93	FALSE
rs7105857	pros	C11orf93	FALSE
rs7122375	ast	C11orf93	FALSE
rs7122375	endo	C11orf93	FALSE
rs7122375	gm	C11orf93	FALSE
rs7122375	pros	C11orf93	FALSE
rs71460618	endo	LOC643037	FALSE
rs71460618	renal	LOC643037	FALSE
rs7156375	ast	SIX1	FALSE
rs7156375	colon	SIX1	FALSE
rs7156375	endo	SIX1	FALSE
rs7156375	eso	SIX1	FALSE
rs7156375	panc	SIX1	FALSE
rs7156375	thy	SIX1	FALSE
rs7170068	ast	AX748237	FALSE
rs7170068	colon	AX748237	FALSE
rs7170068	endo	AX748237	FALSE
rs7170068	hmec	AX748237	FALSE
rs7170068	kc	AX748237	FALSE
rs7170068	mc	AX748237	FALSE
rs7170068	ov	AX748237	FALSE
rs7170068	pros	AX748237	FALSE
rs7170068	thy	AX748237	FALSE
rs7214041	ast	Mir_584	FALSE
rs7214041	colon	Mir_584	FALSE
rs7214041	endo	Mir_584	FALSE
rs7214041	eso	Mir_584	FALSE
rs7214041	hmec	Mir_584	FALSE
rs7214041	kc	Mir_584	FALSE
rs7214041	ov	Mir_584	FALSE
rs7214041	panc	Mir_584	FALSE
rs7214041	pros	Mir_584	FALSE
rs7214041	renal	Mir_584	FALSE
rs7214041	thy	Mir_584	FALSE
rs7217821	ast	TUBG2	FALSE
rs7217821	colon	TUBG2	FALSE
rs7217821	endo	TUBG2	FALSE
rs7217821	eso	TUBG2	FALSE
rs7217821	gm	TUBG2	FALSE
rs7217821	kc	TUBG2	FALSE
rs7217821	mc	TUBG2	FALSE
rs7217821	ov	TUBG2	FALSE
rs7217821	pros	TUBG2	FALSE
rs7217821	renal	TUBG2	FALSE
rs7217821	thy	TUBG2	FALSE
rs7250028	colon	FW420894;hsa-miR-3074-5p;LOC284454	FALSE
rs7250028	endo	FW420894;hsa-miR-3074-5p;LOC284454	FALSE
rs7250028	eso	FW420894;hsa-miR-3074-5p;LOC284454	FALSE
rs7250028	gm	FW420894;hsa-miR-3074-5p;LOC284454	FALSE
rs7250028	kc	FW420894;hsa-miR-3074-5p;LOC284454	FALSE
rs7250028	ov	FW420894;hsa-miR-3074-5p;LOC284454	FALSE
rs7250028	panc	FW420894;hsa-miR-3074-5p;LOC284454	FALSE
rs7250028	pros	FW420894;hsa-miR-3074-5p;LOC284454	FALSE
rs7250028	renal	FW420894;hsa-miR-3074-5p;LOC284454	FALSE
rs7250028	thy	FW420894;hsa-miR-3074-5p;LOC284454	FALSE
rs7250413	endo	KIAA0355	FALSE
rs7250413	eso	KIAA0355	FALSE
rs7250413	kc	KIAA0355	FALSE
rs7250413	pros	KIAA0355	FALSE
rs7250413	renal	KIAA0355	FALSE
rs7257932	ast	SSBP4	FALSE
rs7257932	colon	SSBP4	FALSE
rs7257932	endo	SSBP4	FALSE
rs7257932	eso	SSBP4	FALSE
rs7257932	gm	SSBP4	FALSE
rs7257932	kc	SSBP4	FALSE
rs7257932	mc	SSBP4	FALSE
rs7257932	ov	SSBP4	FALSE
rs7257932	panc	SSBP4	FALSE
rs7257932	pros	SSBP4	FALSE
rs7257932	renal	SSBP4	FALSE
rs7257932	thy	SSBP4	FALSE
rs72648100	gm	GPR183	FALSE
rs72722847	ast	AK093758	FALSE
rs72722847	colon	AK093758	FALSE
rs72722847	endo	AK093758	FALSE
rs72722847	eso	AK093758	FALSE
rs72722847	hmec	AK093758	FALSE
rs72722847	kc	AK093758	FALSE
rs72722847	mc	AK093758	FALSE
rs72722847	ov	AK093758	FALSE
rs72722847	panc	AK093758	FALSE
rs72722847	pros	AK093758	FALSE
rs72722847	renal	AK093758	FALSE
rs72722847	thy	AK093758	FALSE
rs72743477	airway	SMAD3	FALSE
rs72743477	colon	SMAD3	FALSE
rs72743477	eso	SMAD3	FALSE
rs72743477	ov	SMAD3	FALSE
rs72743477	panc	SMAD3	FALSE
rs72743477	renal	SMAD3	FALSE
rs72743477	thy	SMAD3	FALSE
rs72807258	colon	CPEB3_ribozyme	FALSE
rs72807258	endo	CPEB3_ribozyme	FALSE
rs72807258	hmec	CPEB3_ribozyme	FALSE
rs72807258	kc	CPEB3_ribozyme	FALSE
rs72814816	renal	TRNA_Asn	FALSE
rs72826920	colon	COASY;HSD17B1	FALSE
rs72826920	eso	COASY;HSD17B1	FALSE
rs72826920	gm	COASY;HSD17B1	FALSE
rs72826920	hmec	COASY;HSD17B1	FALSE
rs72826920	kc	COASY;HSD17B1	FALSE
rs72826920	ov	COASY;HSD17B1	FALSE
rs72826920	panc	COASY;HSD17B1	FALSE
rs72826920	thy	COASY;HSD17B1	FALSE
rs72925922	panc	RTN4RL2	FALSE
rs73338358	endo	TRNA_Gln	FALSE
rs73338358	gm	TRNA_Gln	FALSE
rs73338358	hmec	TRNA_Gln	FALSE
rs73338358	ov	TRNA_Gln	FALSE
rs73338358	pros	TRNA_Gln	FALSE
rs73398284	renal	FGF7	FALSE
rs73598034	ast	MASTL;YME1L1	FALSE
rs73598034	endo	MASTL;YME1L1	FALSE
rs73598034	thy	MASTL;YME1L1	FALSE
rs73598035	ast	MASTL;YME1L1	FALSE
rs73598035	endo	MASTL;YME1L1	FALSE
rs73598035	thy	MASTL;YME1L1	FALSE
rs74154705	colon	OBFC1	FALSE
rs74154705	endo	OBFC1	FALSE
rs74154705	eso	OBFC1	FALSE
rs74154705	kc	OBFC1	FALSE
rs74154705	thy	OBFC1	FALSE
rs743575	endo	CYP17A1	FALSE
rs743575	gm	CYP17A1	FALSE
rs743575	kc	CYP17A1	FALSE
rs743575	mc	CYP17A1	FALSE
rs743575	pros	CYP17A1	FALSE
rs743575	renal	CYP17A1	FALSE
rs7484068	ast	SNORA52	FALSE
rs7484068	colon	SNORA52	FALSE
rs7484068	eso	SNORA52	FALSE
rs7484068	kc	SNORA52	FALSE
rs7484068	ov	SNORA52	FALSE
rs7484068	panc	SNORA52	FALSE
rs7484068	renal	SNORA52	FALSE
rs7484068	thy	SNORA52	FALSE
rs75150160	endo	DQ582208	FALSE
rs75150160	hmec	DQ582208	FALSE
rs75150160	kc	DQ582208	FALSE
rs75150160	mc	DQ582208	FALSE
rs75150160	pros	DQ582208	FALSE
rs75987672	colon	BC050301	FALSE
rs76272464	ast	FAM134C;TUBG1	FALSE
rs76272464	colon	FAM134C;TUBG1	FALSE
rs76272464	eso	FAM134C;TUBG1	FALSE
rs76272464	gm	FAM134C;TUBG1	FALSE
rs76272464	hmec	FAM134C;TUBG1	FALSE
rs76272464	kc	FAM134C;TUBG1	FALSE
rs76272464	mc	FAM134C;TUBG1	FALSE
rs76272464	ov	FAM134C;TUBG1	FALSE
rs76272464	panc	FAM134C;TUBG1	FALSE
rs76272464	renal	FAM134C;TUBG1	FALSE
rs76272464	thy	FAM134C;TUBG1	FALSE
rs76416899	ast	AX748237	FALSE
rs76416899	colon	AX748237	FALSE
rs76416899	endo	AX748237	FALSE
rs76416899	hmec	AX748237	FALSE
rs76416899	kc	AX748237	FALSE
rs76416899	mc	AX748237	FALSE
rs76416899	ov	AX748237	FALSE
rs76416899	pros	AX748237	FALSE
rs76416899	thy	AX748237	FALSE
rs76976494	colon	MIR196A1	FALSE
rs76976494	endo	MIR196A1	FALSE
rs76976494	eso	MIR196A1	FALSE
rs76976494	ov	MIR196A1	FALSE
rs76976494	panc	MIR196A1	FALSE
rs76976494	renal	MIR196A1	FALSE
rs76976494	thy	MIR196A1	FALSE
rs77603042	colon	GAS8	FALSE
rs77603042	mc	GAS8	FALSE
rs77603042	pros	GAS8	FALSE
rs78315681	colon	CSK	FALSE
rs78315681	endo	CSK	FALSE
rs78315681	gm	CSK	FALSE
rs78315681	kc	CSK	FALSE
rs78315681	mc	CSK	FALSE
rs78315681	pros	CSK	FALSE
rs78315681	thy	CSK	FALSE
rs78411708	colon	BC050301	FALSE
rs79869893	endo	OR5B21	FALSE
rs79869893	hmec	OR5B21	FALSE
rs79869893	kc	OR5B21	FALSE
rs79869893	pros	OR5B21	FALSE
rs7994398	endo	GPR18	FALSE
rs7994398	gm	GPR18	FALSE
rs7994398	hmec	GPR18	FALSE
rs7994398	ov	GPR18	FALSE
rs7994398	panc	GPR18	FALSE
rs7994398	pros	GPR18	FALSE
rs7994398	thy	GPR18	FALSE
rs8011461	airway	AF401214	FALSE
rs8011461	ast	AF401214	FALSE
rs8011461	colon	AF401214	FALSE
rs8011461	endo	AF401214	FALSE
rs8011461	eso	AF401214	FALSE
rs8011461	hmec	AF401214	FALSE
rs8011461	kc	AF401214	FALSE
rs8011461	mc	AF401214	FALSE
rs8011461	ov	AF401214	FALSE
rs8011461	panc	AF401214	FALSE
rs8011461	pros	AF401214	FALSE
rs8011461	renal	AF401214	FALSE
rs8011461	thy	AF401214	FALSE
rs8026641	ast	SRP14;SRP14-AS1	FALSE
rs8026641	colon	SRP14;SRP14-AS1	FALSE
rs8026641	endo	SRP14;SRP14-AS1	FALSE
rs8026641	eso	SRP14;SRP14-AS1	FALSE
rs8026641	gm	SRP14;SRP14-AS1	FALSE
rs8026641	hmec	SRP14;SRP14-AS1	FALSE
rs8026641	kc	SRP14;SRP14-AS1	FALSE
rs8026641	mc	SRP14;SRP14-AS1	FALSE
rs8026641	ov	SRP14;SRP14-AS1	FALSE
rs8026641	panc	SRP14;SRP14-AS1	FALSE
rs8026641	pros	SRP14;SRP14-AS1	FALSE
rs8026641	renal	SRP14;SRP14-AS1	FALSE
rs8026641	thy	SRP14;SRP14-AS1	FALSE
rs8039449	ast	AX748237	FALSE
rs8039449	colon	AX748237	FALSE
rs8039449	endo	AX748237	FALSE
rs8039449	hmec	AX748237	FALSE
rs8039449	kc	AX748237	FALSE
rs8039449	mc	AX748237	FALSE
rs8039449	ov	AX748237	FALSE
rs8039449	pros	AX748237	FALSE
rs8039449	thy	AX748237	FALSE
rs8069176	endo	GSDMB	FALSE
rs8069176	gm	GSDMB	FALSE
rs8073872	endo	SPNS3	FALSE
rs8073872	kc	SPNS3	FALSE
rs8073872	pros	SPNS3	FALSE
rs8073872	renal	SPNS3	FALSE
rs8101691	eso	MYO9B;USE1	FALSE
rs8101691	gm	MYO9B;USE1	FALSE
rs8101691	mc	MYO9B;USE1	FALSE
rs8101691	pros	MYO9B;USE1	FALSE
rs8101691	thy	MYO9B;USE1	FALSE
rs891018	ast	ANKLE1	FALSE
rs891018	colon	ANKLE1	FALSE
rs891018	endo	ANKLE1	FALSE
rs891018	eso	ANKLE1	FALSE
rs891018	gm	ANKLE1	FALSE
rs891018	kc	ANKLE1	FALSE
rs891018	mc	ANKLE1	FALSE
rs891018	ov	ANKLE1	FALSE
rs891018	panc	ANKLE1	FALSE
rs891018	pros	ANKLE1	FALSE
rs891018	renal	ANKLE1	FALSE
rs891018	thy	ANKLE1	FALSE
rs9508832	airway	ALOX5AP	FALSE
rs9508832	ast	ALOX5AP	FALSE
rs9508832	colon	ALOX5AP	FALSE
rs9508832	endo	ALOX5AP	FALSE
rs9508832	eso	ALOX5AP	FALSE
rs9508832	gm	ALOX5AP	FALSE
rs9508832	hmec	ALOX5AP	FALSE
rs9508832	kc	ALOX5AP	FALSE
rs9508832	ov	ALOX5AP	FALSE
rs9508832	panc	ALOX5AP	FALSE
rs9508832	pros	ALOX5AP	FALSE
rs9508832	renal	ALOX5AP	FALSE
rs9508832	thy	ALOX5AP	FALSE
rs9525427	endo	SUGT1P3	FALSE
rs9525427	ov	SUGT1P3	FALSE
rs9525427	panc	SUGT1P3	FALSE
rs9525427	renal	SUGT1P3	FALSE
rs9532656	endo	SUGT1P3	FALSE
rs9532656	ov	SUGT1P3	FALSE
rs9532656	panc	SUGT1P3	FALSE
rs9532656	renal	SUGT1P3	FALSE
rs9532657	endo	SUGT1P3	FALSE
rs9532657	ov	SUGT1P3	FALSE
rs9532657	panc	SUGT1P3	FALSE
rs9532657	renal	SUGT1P3	FALSE
rs9532658	endo	SUGT1P3	FALSE
rs9532658	ov	SUGT1P3	FALSE
rs9532658	panc	SUGT1P3	FALSE
rs9532658	renal	SUGT1P3	FALSE
rs9532659	endo	SUGT1P3	FALSE
rs9532659	ov	SUGT1P3	FALSE
rs9532659	panc	SUGT1P3	FALSE
rs9532659	renal	SUGT1P3	FALSE
rs9590562	endo	SUGT1P3	FALSE
rs9590562	ov	SUGT1P3	FALSE
rs9590562	panc	SUGT1P3	FALSE
rs9590562	renal	SUGT1P3	FALSE
rs9594457	endo	SUGT1P3	FALSE
rs9594457	ov	SUGT1P3	FALSE
rs9594457	panc	SUGT1P3	FALSE
rs9594457	renal	SUGT1P3	FALSE
rs9594458	endo	SUGT1P3	FALSE
rs9594458	ov	SUGT1P3	FALSE
rs9594458	panc	SUGT1P3	FALSE
rs9594458	renal	SUGT1P3	FALSE
rs9647274	ast	LINC00111	FALSE
rs9647274	eso	LINC00111	FALSE
rs9647274	ov	LINC00111	FALSE
rs9651993	colon	COL2A1	FALSE
rs9805048	colon	COL2A1	FALSE
rs9889373	colon	CCR10;CNTNAP1	FALSE
rs9889373	eso	CCR10;CNTNAP1	FALSE
rs9889373	gm	CCR10;CNTNAP1	FALSE
rs9889373	kc	CCR10;CNTNAP1	FALSE
rs9889373	mc	CCR10;CNTNAP1	FALSE
rs9889373	ov	CCR10;CNTNAP1	FALSE
rs9889373	panc	CCR10;CNTNAP1	FALSE
rs9889373	thy	CCR10;CNTNAP1	FALSE
rs9904643	ast	TUBG2	FALSE
rs9904643	colon	TUBG2	FALSE
rs9904643	endo	TUBG2	FALSE
rs9904643	eso	TUBG2	FALSE
rs9904643	gm	TUBG2	FALSE
rs9904643	kc	TUBG2	FALSE
rs9904643	mc	TUBG2	FALSE
rs9904643	ov	TUBG2	FALSE
rs9904643	pros	TUBG2	FALSE
rs9904643	renal	TUBG2	FALSE
rs9904643	thy	TUBG2	FALSE
rs9904754	eso	MIR632	FALSE
rs9908045	airway	SYNGR2	FALSE
rs9908045	colon	SYNGR2	FALSE
rs9908045	endo	SYNGR2	FALSE
rs9908045	eso	SYNGR2	FALSE
rs9908045	gm	SYNGR2	FALSE
rs9908045	hmec	SYNGR2	FALSE
rs9908045	kc	SYNGR2	FALSE
rs9908045	ov	SYNGR2	FALSE
rs9908045	panc	SYNGR2	FALSE
rs9908045	pros	SYNGR2	FALSE
rs9908045	renal	SYNGR2	FALSE
rs9908045	thy	SYNGR2	FALSE
rs9908349	airway	SYNGR2	FALSE
rs9908349	colon	SYNGR2	FALSE
rs9908349	endo	SYNGR2	FALSE
rs9908349	eso	SYNGR2	FALSE
rs9908349	gm	SYNGR2	FALSE
rs9908349	hmec	SYNGR2	FALSE
rs9908349	kc	SYNGR2	FALSE
rs9908349	ov	SYNGR2	FALSE
rs9908349	panc	SYNGR2	FALSE
rs9908349	pros	SYNGR2	FALSE
rs9908349	renal	SYNGR2	FALSE
rs9908349	thy	SYNGR2	FALSE
rs9911799	ast	FAM134C;TUBG1	FALSE
rs9911799	colon	FAM134C;TUBG1	FALSE
rs9911799	eso	FAM134C;TUBG1	FALSE
rs9911799	gm	FAM134C;TUBG1	FALSE
rs9911799	hmec	FAM134C;TUBG1	FALSE
rs9911799	kc	FAM134C;TUBG1	FALSE
rs9911799	mc	FAM134C;TUBG1	FALSE
rs9911799	ov	FAM134C;TUBG1	FALSE
rs9911799	panc	FAM134C;TUBG1	FALSE
rs9911799	renal	FAM134C;TUBG1	FALSE
rs9911799	thy	FAM134C;TUBG1	FALSE
rs9919974	ast	SRP14;SRP14-AS1	FALSE
rs9919974	colon	SRP14;SRP14-AS1	FALSE
rs9919974	endo	SRP14;SRP14-AS1	FALSE
rs9919974	eso	SRP14;SRP14-AS1	FALSE
rs9919974	gm	SRP14;SRP14-AS1	FALSE
rs9919974	hmec	SRP14;SRP14-AS1	FALSE
rs9919974	kc	SRP14;SRP14-AS1	FALSE
rs9919974	mc	SRP14;SRP14-AS1	FALSE
rs9919974	ov	SRP14;SRP14-AS1	FALSE
rs9919974	panc	SRP14;SRP14-AS1	FALSE
rs9919974	pros	SRP14;SRP14-AS1	FALSE
rs9919974	renal	SRP14;SRP14-AS1	FALSE
rs9919974	thy	SRP14;SRP14-AS1	FALSE
